Weight,PNC,PNE,I_Palsa_E2,III_Palsa_N1,I_Palsa_C1,I_Palsa_C2,I_Palsa_E1,I_Palsa_N1,I_Palsa_N2,II_Palsa_C1,II_Palsa_C2,II_Palsa_E1,II_Palsa_E2,II_Palsa_N1,II_Palsa_N2,III_Palsa_C1,III_Palsa_C2,III_Palsa_E1,III_Palsa_E2,III_Palsa_N2,all
1070.38978,97431045.9707235,23755662.0819247,NA,NA,NA,NA,NA,NA,NA,NA,NA,NA,NA,NA,NA,NA,NA,NA,NA,NA,1
1068.37407,90387711.16782,32368948.2638846,NA,NA,NA,NA,NA,NA,NA,NA,NA,NA,NA,NA,NA,NA,NA,NA,NA,NA,1
1062.28961,86726256.2377921,48879978.839283,709137.396355643,204532.209341391,NA,NA,NA,NA,NA,NA,NA,NA,NA,NA,NA,NA,NA,NA,NA,NA,1
1036.768,NA,NA,11268577.5171913,11239406.7552042,5723753.90201681,3031666.83685873,3772073.1394274,11828350.2588439,3145236.16150691,24445039.0807096,36320853.0504314,11169941.1797439,29863238.6123004,61568627.7893726,24157970.0924142,58704721.0575881,6582703.50517477,1638508.20741918,40503997.9139438,19038301.3201443,1
1013.21943,160915306.011565,107199781.647594,189003.749865075,NA,38639.5997583517,NA,NA,387381.260759754,576704.187982654,46654.75414466,NA,NA,NA,NA,NA,NA,NA,NA,NA,NA,1
1012.21607,372945315.347981,479484348.072787,844636.148910263,NA,38639.5997583517,NA,40084.0124269115,1026487.8427653,1616999.95694189,NA,NA,NA,NA,NA,NA,NA,NA,NA,NA,NA,1
1000.25224,137923.635336701,NA,250135.923523788,31507201.6772456,823422.148686846,788513.967296526,201007.878939152,916566.864728839,NA,17825977.3738429,1727848.86791359,7440191.16695128,17654646.2960902,24295251.0641121,3958217.89971668,17605550.3174689,1711822.93163552,25022397.9169015,20352237.0612827,55432819.3390959,1
998.5853,100348274.401499,154559949.614771,1938269.75158503,118142.203557004,NA,27663.6546229982,515270.80303021497,810146.882078949,449498.438055145,36823.3870350676,10892.1902714843,182852.318137487,96025.7749663191,177555.26121976,128401.942325844,NA,NA,NA,NA,187433.135972695,1
998.5853,28235173.8552879,NA,1938269.75158503,NA,NA,NA,NA,NA,NA,NA,NA,NA,NA,NA,NA,NA,NA,NA,NA,NA,1
994.43001,NA,NA,NA,206358131.015559,NA,153453.131465164,NA,42423.0263283628,NA,5693354.99508162,NA,NA,NA,903728.441567245,112030407.658834,238930.544243281,NA,345066.646197191,26391865.6068904,789624.94260351,1
982.59045,305831185.883677,300701637.002126,12530792.8019145,618724.754208973,102722.673777314,125615.818724838,3593646.65604494,4164358.26513051,NA,109262.383984628,46688.6981721339,2150111.1985405,1878607.68162553,404974.012243719,766374.713942956,36414.8514987619,NA,113577.241718585,434259.846251212,654988.265748565,1
928.19385,NA,NA,22984560.0415161,169105345.800758,61320144.1341469,62248578.6766074,27731653.0809501,81907266.0234439,17478029.540561,76955919.1998154,54709842.9560215,94415731.0450522,87044223.9526439,259175465.981301,193499245.376261,217654036.965701,50380884.2835804,337130628.762096,92831907.004858,443921927.229104,1
926.17849,NA,NA,36885446.2522302,117081130.204645,55203426.7421334,52962451.2393454,39657832.8373051,75679033.1271605,43450655.4911756,48032159.8220316,36652564.177908,67751441.1780451,58747689.1278256,91931722.1745916,100546135.383931,159452025.142581,67161894.3808367,207133047.405479,96237073.5693119,144676326.752454,1
916.43354,76219099.5288103,1942411.70500899,NA,NA,NA,NA,NA,NA,NA,NA,NA,NA,NA,NA,NA,NA,NA,NA,NA,NA,1
914.17835,2107870.36400503,NA,3945766.29742453,29723156.7453423,9558505.08088957,9302815.23565848,3756295.27125645,11539792.5781845,2484390.5793632,16867463.3770836,8710421.71411192,13617382.4300961,20201808.9794138,37184900.7980614,24683735.4722979,28781016.1337553,6605752.23851271,39437050.6719102,11995224.0126651,68770212.6049826,1
908.3357,107253866.269975,15247221.8838635,NA,66383.7017376486,NA,NA,NA,NA,NA,NA,NA,NA,NA,NA,NA,NA,NA,NA,NA,NA,1
906.32081,97911843.1717705,16948409.2732385,NA,NA,NA,NA,NA,NA,NA,NA,NA,NA,NA,NA,NA,NA,NA,NA,NA,NA,1
884.21877,NA,NA,NA,10583076.3372676,NA,1651484.065933,NA,61400.2180224339,NA,690011.773146614,35391.3145115074,395834.348335019,762018.881769097,2557957.72609245,9511864.13738069,NA,1168024.65283413,10020410.0420614,2016855.782101,71841254.7371747,1
870.23968,2080397.98738396,249417.483346284,NA,12351468.1614916,62013.2811561741,25697298.4528858,NA,78688.1249560594,NA,291849.456595396,516083.272299536,886372.205661813,548817.214576575,3475523.4166339,7845862.91690828,NA,8839611.50117188,8110988.76636263,18822805.4538101,59907592.2718178,1
868.22456,4788260.17516141,2707374.01682234,NA,21306393.2132855,389120.528307207,90415502.8590481,NA,NA,44299.075259379,184497.860701885,NA,125329.361761351,272776.598046209,1242367.33810745,17751454.3126712,NA,379863.233529531,14606237.9805669,676407.397010223,70517330.0262644,1
866.3083,NA,NA,NA,31480298.2337132,102981.502296936,33273.8616141385,NA,NA,NA,1511043.54358246,NA,NA,NA,252527.89656995,69301.5246501989,NA,249669.994254301,NA,175000.741297945,38549612.8222677,1
866.2094,7717414.08541865,6576553.54986513,206116.492784771,1277667.72815583,1737019.47200134,74890389.7965652,NA,431443.602604966,46392.794826179,11469995.5579298,670303.25616424,1644156.38364251,2665424.25701143,9415565.19204101,90857793.20994,894672.556827776,134687.586681552,28063675.1073443,3198762.56960176,95778453.568988,1
866.2083,886171.85918084,483378.461752266,208571.946992937,307103837.586329,229901.624391591,33112371.1006901,30943.5705829489,1072650.40424923,97996.4108880589,16711930.6596202,1053918.3422452,409113.215329126,2429696.29903643,8208714.69017142,179715046.381248,1118945.95470948,1340246.76459189,10156724.0177822,1625473.98011601,41967834.2505504,1
864.19301,1688153.34922883,579019.453586643,1069580.86912034,58571405.2805835,28371825.1889611,8257181.89401992,1054055.52858213,16985676.6591114,8232690.13760178,24840011.0355748,14445322.2590805,13434597.3070909,29128370.4527622,17510994.5841034,35393346.3383285,13576042.4278356,79458075.9273376,19534386.8196142,67062574.9788157,94190366.3740893,1
838.38575,39477296.7525489,716705.990525514,NA,NA,NA,NA,NA,NA,NA,NA,NA,NA,NA,NA,NA,NA,NA,NA,NA,NA,1
836.53128,195494826.93198,165316326.793495,2780787.14552362,245672.708348631,16013766.8114071,6503862.62033791,763415.257364351,1441008.59786724,788504.636053132,28890.3675014934,31476.9025944966,336243.245723646,353351.360942914,332401.303285174,215185.625959814,27617.125177611,15490.872062107,10008.7245055213,NA,343106.74827102,1
813.46122,NA,NA,2163684.98216006,55347732.8321616,51508505.7747156,210433934.170109,2638666.77033409,1125971.97594478,37129.769309391,7128119.46745441,58313.795084225,44593880.898929,25706763.5907749,58477496.9893808,74199137.6292552,8970793.61595785,9828289.4667064,119704416.981577,28716174.0542433,52612349.9029191,1
812.45766,159703.690233718,NA,6345068.09376701,159401537.679704,151486868.046626,596133590.832815,7590025.82799327,6459463.84323013,519079.632461391,19764872.8703878,183440.810945279,122299319.560962,70741936.100361,121511972.948983,205552861.034475,21193100.6459596,16272922.8188519,335983891.35655,79601389.1733407,657089783.206774,1
812.29129,420785.02778962,NA,NA,10141735.4894476,39357369.318175,3217499.80855075,52236.7872278864,11903422.2254603,12331944.4375155,591617.897186025,379460.3260094,773588.028162949,11175428.876953,680021.536993124,1538706.27660252,3471616.05887444,76973930.1643737,22914.8201034225,482248.862344302,13078497.7118751,1
806.2291,61150371.4915449,24565851.8856512,259156.48755687,NA,NA,NA,NA,36578.4421619582,NA,NA,68080.4751274213,NA,NA,NA,30911.7450393798,86962.4603883345,66036.3158090513,44603.9531026823,130715.318861712,98303.3235601423,1
798.36968,48642520.5023108,30858434.6134043,293753.485472783,76403.5555115397,NA,NA,67260.4611223518,283274.106538577,409429.853258873,NA,20798.4467041456,36676.2706763096,39407.5774476069,NA,326835.889731064,59636.2832034924,28215.1081704818,63740.6302006161,40343.217483232,127344.567484505,1
796.31769,NA,NA,250258.450816158,7903514.77923803,730248.171317127,680931.743840125,382661.528615627,1484092.27154846,215603.864422412,4142494.7551052,2790027.46020564,1923020.15931475,3011935.80159595,14381159.7154722,55065403.9169079,10723949.5678856,1212291.14434292,14619548.2609145,2432640.99403942,24904880.1286685,1
786.36921,NA,NA,22072.3908764097,26830019.652195,113144.233852934,122887.425198207,NA,100758.0374631,NA,41111738.0450893,68615.0948744698,37803.3761598352,408099.499199318,902840.296008804,14846448.4171962,258663.943007488,32448.5334268814,837000.383368875,12008879.5817352,58030274.7759144,1
780.23387,161205.283613515,NA,2445558.4833081,436273984.92625,1762101601.81988,81982613.7052919,1868601.36246578,1267959436.41703,21172781.411848,8510719.80746604,18234526.894273,12722858.9353509,1444487551.05006,13296553.8966434,58452936.4103964,63091092.5534768,684683944.233817,3025829.30736302,8897816.98799253,569942879.413342,1
780.11968,NA,NA,10056035.5459153,44977747.9160507,21313285.2397709,22843388.7590864,11665460.9589573,24937466.0479184,11826525.0850885,23706216.1571758,16479907.1486647,24598084.6199406,23675989.1038794,39863985.2810119,55899174.8013203,62315695.9244303,25812546.4868175,72696589.608113,34816345.6191697,79415339.3239955,1
780.11967,1283571.30483986,NA,16684344.6427211,60092971.4782319,37893198.0881122,36571458.4439151,21123340.3033658,40433524.9754765,19045439.3164501,28132651.486912802,30880246.260152,42786267.4697752,42119496.9225995,74090116.4591284,80046863.6579989,104747256.871184,42518481.5461734,118102793.922135,40636216.528153,86536780.1199676,1
772.38994,900272.871352834,NA,74772.750166388,34164625.5160611,50575.9744436961,171040.582481382,NA,111434.259383733,33305.8515000077,19135186.3879952,41799.1310277217,267187.997068716,318339.924773648,518420.485337957,43012007.8248597,83515.0884969766,372048.577185116,1165589.68223516,4582462.93867858,28259168.3961856,1
772.24448,240977.790688661,NA,1296546.54754051,23876158.759945,11211724.4123588,1651129.91729583,1270471.72471175,7058339.48222105,1121379.58685422,10089052.552914,6438384.73314221,10238399.5067536,11114876.9803652,17631381.9903236,22263435.6259788,8410860.01830331,9329142.95879289,16318019.5544624,71636551.3849305,50483695.4224243,1
758.30143,114301995.763645,66105007.7470826,72931.8400768689,7432127.5134046,303055.282460609,700127.71626449,NA,451590.802523853,83498.3823141702,1581048.32741737,233150.048513755,102498.0869676,254192.203466797,990399.08989116,4777302.54433449,689672.032139086,339733.448128051,1663938.39656853,1516311.60140637,9211509.64596144,1
756.39544,NA,4553674.87769619,44449.0708555342,24170281.1790917,212816.076549299,234680.469463054,180874.716591439,62582.133247109,101795.539410258,12104844.4912123,378104.05845966,523406.478634782,350504.985390415,1149883.18584182,4081560.37346806,1159799.68472345,457476.078810677,2321941.52100924,12243105.5632962,59648050.5326529,1
756.32245,82580265.1139906,11510404.0500766,NA,NA,1243136.62184145,NA,NA,85229.0060093972,NA,120967.32376443,NA,NA,143994.104952573,NA,NA,NA,49313.4812806788,NA,NA,NA,1
754.37974,150233.877990904,NA,119734.718128315,37359956.2860743,643855.053821034,428394.700993302,69164.8010862367,346096.910406114,NA,106852048.049742,539541.80851367,1525657.80688104,405002.76747046,3808157.68495149,4236701.86312351,1251581.02878578,626911.043929482,4434693.18287884,20547340.0166661,100228826.363733,1
740.39951,124035.28502182,NA,3235375.60087261,312938227.343036,6732607.50515528,7107437.39636195,5178850.84852077,7485357.78546283,3238063.77603955,522463304.954858,11998260.1996863,15120258.118908,11928563.2122637,30227741.6774627,104317690.723867,35566477.1495222,13816006.5458769,35854110.0504138,113440355.449763,513083479.173725,1
740.29407,29265920.2534353,NA,12545621.6280292,81979814.7963342,37148284.6141768,26914490.1968659,25910818.922784,52346479.486634,16727269.3927459,37813248.3951377,24276934.3029623,62285782.9350369,58495677.4825029,56325943.8876092,95653863.7300633,57096463.2415927,57986358.8958684,113521583.117003,45219919.935567,48461927.6985666,1
740.29389,38926257.2707936,NA,6990786.18404852,11819314.5959787,215447.031508522,960729.73214721,5869590.02264259,11770955.0827819,9257399.69301513,19120031.9551139,9689426.08704404,25280132.4688834,16941269.4136171,29936076.1630661,25072370.4243472,52285733.5827268,17013150.0151889,2442916.76276275,20307710.0226931,33692446.5619664,1
728.40019,5332077.35846731,3157603.2283564,199719.095423919,31243423.3138761,1134809.37199523,907650.768068105,292460.565249022,NA,422461.093298621,40390340.3657411,850448.794145841,1700948.38643985,1139909.81775546,2326843.51337307,15780974.5917283,2487975.16580479,857450.163095582,3855046.14020813,10150518.4625012,56387916.2418131,1
728.40007,NA,NA,1872395.6841303401,8625153.52951258,54248275.2852379,8009515.50834738,2071514.91084621,25485737.7094019,9031523.12034637,4250118.79180966,1764563.56360813,4058259.45574726,4814122.98914403,2781285.40652563,3292193.88759775,640610.79176162,27758767.0962634,4669332.60738846,9238878.73023752,17899630.2777104,1
726.38414,NA,NA,12725519.1269366,37383209.8037397,19111984.3657485,31201820.7641232,18234476.5677647,166802944.416424,141136668.316233,13815305.9330726,31451550.2911444,23798897.9421158,58315988.666269,20653506.9213658,16309642.2373608,32205352.4414032,123312878.896621,14440881.8731293,19650020.1616985,99975436.8412209,1
726.38403,86003.2782944764,NA,2836385.23094897,18228200.1249187,155615840.053129,8516535.16003796,2574628.52304386,35558443.9764418,62922649.9654066,7545890.80953437,8597329.78403682,7400297.36647488,15283748.6921799,7282962.91004865,6715280.26053874,12267704.0644013,61362223.7657999,3773214.94278243,8599107.58067827,31346575.7383767,1
726.38397,NA,NA,11780769.8722296,NA,246421714.700716,30061514.5910934,19459359.4795682,168207813.228406,136751059.625931,26023729.9267436,34760071.7796674,NA,61185096.0168403,20877238.4228884,NA,NA,175041174.324543,15910377.1809396,NA,102052019.913949,1
726.31122,63073042.868172,3740494.39957086,NA,NA,NA,NA,NA,NA,45713.1705633963,NA,NA,NA,NA,NA,NA,NA,NA,NA,NA,NA,1
722.37393,48279509.8730335,181759887.859814,849421.15080332,346625.326529671,227185.105330308,191510.826594922,390768.98707422,1239063.16103207,564050.93802679,187268.656922255,188163.137602963,537974.96952449,185848.999814084,663412.652838671,455759.867142657,77848.7693487912,116874.961525249,NA,NA,183404.161621401,1
710.38926,NA,NA,1241181.47523954,12980575.7375976,26680303.1399071,7629517.1460709,1144007.40538807,8532337.02748346,4778757.92768016,4478491.69002749,4016157.45531767,12932805.6386332,9772692.90266637,14050106.772773,16401885.1842934,7908058.5868641,8388628.29825928,54516022.2205176,12040976.5232858,90452904.3888555,1
710.38926,NA,NA,122958.20997348,6405451.19304837,3138884.53095964,3526655.57114794,284057.488643441,555870.476255161,2047424.31368178,1785307.93024227,84715.0295512826,4136195.76407718,528213.665076586,5912368.70930671,8764939.78567143,757968.879071021,1052818.9248818,21045690.1208908,5051284.99006868,54227266.6958662,1
710.38917,1671643.23928803,NA,3167383.76727969,42506799.1218636,379827524.167864,18406945.6284106,3001415.11873609,61639059.8781043,152374289.56845,19114116.1454839,6760632.38259591,8213715.2962125,18975897.3930547,608243.956431553,12142099.892520601,24606748.9616001,100430589.088316,8949228.97520527,11382170.4467536,80894524.340253,1
708.19138,85912975.5384661,47205050.8255705,133377.589825705,32529.1458742376,45673.7182936656,61521.5820401344,NA,63214.8147512066,79476.8573968345,NA,71023.4795509407,NA,37663.8282066693,NA,44987.9250995188,NA,NA,83505.7931766637,25897.1290560658,731836.504100099,1
708.19128,1301025722.26524,843408286.196765,57597056.9105472,3509027.40037927,199632.304620529,167490.454883985,892551.647233441,821550.266141765,149624.599858973,320024.788351246,325473.410949111,329186.705175874,395875.231585347,508013.316836307,1954866.67796031,646463.170090138,756352.543392631,1127657.04974525,393219.359859347,1673758.60825269,1
703.18449,307712.774180564,40671663.7157127,250297.408376929,41275.5681444787,NA,NA,NA,1621809.13227393,1705654.7528722,94586.4098163588,NA,NA,NA,88702.4550941119,70391.4383306907,NA,NA,NA,NA,NA,1
702.23891,189141.466982101,1393194.8762495,236433.02712587,32324810.9245003,2675671.01103356,815799.752452361,186084.118939042,766631.658267734,37859.4047459649,337866.960183485,1870159.31448833,64017.7308893953,72488.3441745122,132572.296372812,4059049.81401443,272830.041886469,1380339.52121982,1372916.59769138,122840.170071816,168370.284045388,1
702.18136,373663056.138454,70108506.6401108,2462075.42579063,384162.775064301,NA,NA,787943.583641968,6122070.60689573,6804380.48608676,157665.247418485,NA,NA,NA,466361.676682342,929620.66785881,NA,NA,36336.4046613273,NA,651882.254502164,1
700.38921,91265451.3676239,77912064.8088241,1126394.5748138,624342.794799074,345312.9286059,308000.722997973,272138.205917118,1359603.12254204,231961.445908714,614710.804247086,145029.064776883,382369.152948387,351008.523382487,387222.029707596,480277.019638531,140499.284939369,199443.916790789,18780.9825761884,102085.601661065,795535.633960565,1
700.31438,2562735.02766743,NA,62403.8371550836,780444.217984915,80690.4748642705,1690758.48780501,25172.1105980059,31621.3666294719,76590443.3931183,530148.277070394,15232.8734101692,135887.588400553,40638.0431557303,66412.7231339806,584753.504099518,162131.61712843,18078.2333352844,677142.676019415,490113.619598444,2988994.42679998,1
694.39435,585238.873009442,NA,265921.563462624,9327281.84930796,3230161.59176544,4592039.83342892,403152.871639351,821145.509351284,219145.899101856,4445696.09549965,264534.584652189,7694602.3161623,3688612.20721066,12306651.8757151,17337791.1604697,2844179.18536268,3298479.92848632,49147939.9968394,6373884.06553678,81097689.5427756,1
694.39428,1332821.22472479,NA,1732151.84858742,30781980.5698448,3711096.14403163,16784282.2698214,583699.708045384,970775.17016024,128059.354146763,5571072.59831561,616532.327755479,31613457.738638,16732354.0304522,31409660.1336963,53931431.6582754,5157358.66572729,8832759.82435626,115504902.677535,25846863.0337885,252003978.567978,1
688.40474,710027.964719419,NA,5447569.53904014,56939284.4769386,65229270.4664783,8494170.96463454,7447433.44724222,79953715.8646435,18596670.7422427,15643825.0646846,7148483.35861645,14111286.3632007,43952338.6572562,1028125.64367499,17898673.3155924,26074535.3024766,32895857.3379903,21000545.4841351,27345464.6123117,71770762.9242548,1
686.38926,110052.812795802,NA,6408493.95610575,72348506.0622459,101961161.148332,8636208.44423089,8987622.56339282,189170826.326683,31192552.910484,10891011.5252727,6176407.61112042,12917053.5720505,75120760.9365827,6983536.63228632,20119911.5855663,25343131.9440843,51175448.3182083,15995407.3850267,92002602.787878,125588604.252101,1
686.38926,NA,NA,5026863.10056132,44119581.3098656,68836457.8765514,7500494.40842847,6794603.6692992,184421499.133878,29148178.1695905,10253527.0652094,4438869.62746752,9312723.15710346,63667039.0102433,10428998.7943835,15660803.416692,27364833.2875849,56882404.8349283,15829400.8673371,111880531.411562,79186513.8561553,1
686.38906,NA,NA,NA,NA,62987511.2148824,NA,NA,68210.3568685627,NA,1019461.89006096,NA,NA,NA,1786045.34127145,4453620.41705274,2060145.2498055,3651450.7507626,1246430.10259944,NA,NA,1
680.37845,NA,NA,517207.791377319,9876118.04159242,12195073.3578821,80332871.3600056,NA,392615.958909895,NA,1404683.59835465,128613.309267272,12097063.9580886,4903541.05709762,10714366.996958,15522432.298109,2419140.6157649,897852.131971998,90010495.866248,9711533.22514618,114629573.521441,1
680.19662,58207670.2125903,7993253.94721449,188782.946688582,89916036.8328478,63981977.7205177,48777864.4870515,36936.4463498306,41855437.7307183,1387330.21722009,4219848.9230904,7779509.21132342,11946514.6721802,103795673.527785,10201484.0894257,27481139.9886101,6220026.5168724,149648993.079374,10040511.431374,14782898.6682291,186396540.696757,1
658.46675,37019742.5837385,25786129.1830887,1228758.6434635,388991.926007335,65279.4594332786,NA,NA,377366.437710494,225262.023601254,NA,21449.8548677172,NA,NA,174846.732071076,232252.315185592,637435.99804546,147142.433942063,327983.532964598,91392.9103674227,355425.825673964,1
642.21706,88230094.2114755,27861729.9211578,102073.356664105,639558.446336457,NA,408459.003477857,NA,NA,105502.382844471,NA,NA,57224.2295799844,NA,287777.239450474,56246.7195322545,NA,57160.6750363979,4070218.02081961,381760.450366264,1963464.69737315,1
632.50231,28683129.8508421,43307808.906039,344283.283353086,82449.4158791673,22491.0707845205,NA,NA,439821.107342656,104694.006116104,NA,11159.6499739471,28063.9355101103,NA,259960.567403296,72830.5331077554,37278.8514105382,42855.0057451149,NA,NA,116532.104739166,1
630.25355,123260.828537989,NA,3004578.49189247,185948.893252045,269846728.48967,11021121.6746452,2985012.05426981,81360127.5718994,30047875.6052497,10109349.3840817,6976699.72654186,10214394.0425449,126810814.60156,8269330.90925639,9977673.34596794,27469764.1296494,107930125.585643,8036295.17367384,25105519.0240229,62491418.2477446,1
628.23775,3686153.45203213,NA,3912726.67531758,12034681.7795559,23915503.2411529,5564105.25754789,4045420.22461348,35293075.7729951,4839274.75770638,5624116.36674581,6024583.82108247,5393374.8837315,14127266.2255771,5182079.1548147,5263567.51358328,6636316.96445883,16588408.1519694,6897395.55825782,9234795.81215576,24122336.76194,1
628.16526,76261.2415803519,NA,266766.100576977,47194300.2866677,781165.036706604,5702971.60292086,176970.171224612,693445.464578004,700847.092315667,2170380.88250789,529260.108914996,51320.0987268714,278393.880246522,545639.544038848,13157879.662549,288751.867165329,291828.003280235,39311.8864179501,68042.2775012086,1651737.63530954,1
626.14937,190076439.42379,192051298.930423,716894.605857423,2597719.0838249,8799416.96186519,169284.152713816,64974.9169939507,5627535.46280533,2068799.6235889,1545285.69393558,36673.7123959902,361736.879451896,4720863.49450908,721815.725264972,828336.270742564,143638.452393511,2516084.24947561,1409588.9889459,270695.331831798,3655848.35271305,1
624.17009,66864435.4586709,749537.711514066,327804.902907393,71619.328644326,3283571.73724053,602177.033452406,264494.780862701,501143.866273836,219340.362280511,488209.70621532,332013.499939423,421199.074167257,335069.043642541,246989.693330316,626071.894033468,1950050.0970407,1101500.26421612,629604.895769927,175516.141506803,974595.484797893,1
620.42949,106537366.109061,37872092.222117,NA,NA,NA,NA,NA,NA,NA,NA,NA,NA,NA,NA,NA,NA,NA,NA,NA,NA,1
616.39823,26482626.622778,9578093.25993195,39831.0607669531,NA,NA,NA,NA,NA,NA,NA,NA,NA,NA,NA,NA,NA,NA,NA,33452.4601255881,NA,1
614.45287,27116249.8600151,18902871.4119155,NA,NA,NA,NA,NA,NA,NA,NA,NA,NA,NA,NA,NA,NA,NA,NA,NA,NA,1
612.26381,127617020.59017,55524863.6027751,1417868.98374024,30004803.5348465,2278984.21860007,10111325.538154,84226.8735393233,723395.789141006,1497103.3514251,674795.838416183,36984.0325187653,308719.619881543,49610.0583005905,NA,9482876.57950481,NA,NA,NA,NA,NA,1
612.26381,28000221.9453079,55524863.6027751,NA,30004803.5348465,NA,NA,NA,723395.789141006,1497103.3514251,674795.838416183,NA,NA,46079.1479972377,NA,9482876.57950481,NA,NA,NA,NA,NA,1
610.42172,162310613.575785,134948748.135141,NA,NA,NA,NA,NA,NA,NA,NA,NA,NA,NA,NA,NA,NA,NA,NA,NA,NA,1
610.15638,70152942.9397455,26247940.0606205,2085336.22665951,1841808.66538584,NA,135762.951284473,682618.322745417,3873223.70216614,3061387.78517156,104759.744457456,NA,510788.166685935,532479.247941033,149215.962333046,NA,169623.948379849,707220.844440546,264956.349494394,69401.9717059261,1898912.0286569,1
610.15435,1143027822.48523,106341942.13997,67813.9568515251,4758240.79879584,20535539.013293,2358999.83008168,47257.8193076644,4503151.23744844,1529447.44899443,4572883.28321886,1569946.38533494,2142288.71890933,2262363.27708811,5076498.44070841,4397432.09728959,563552.187945048,17119150.8779936,2980566.02869708,30612.7770234538,8338391.92741869,1
610.15435,105671468.529391,206373233.824869,897246.431791692,165960.701628937,198926.365624194,NA,NA,2058551.53369533,607749.118311294,NA,60765.6325392661,NA,154416.9015272,NA,119393.29780358,NA,172780.053580895,162464.035220013,42240.529552149,831474.78053397,1
610.15435,70152942.9397455,26247940.0606205,2085336.22665951,1841808.66538584,1851504.60186177,135762.951284473,682618.322745417,3873223.70216614,3061387.78517156,104759.744457456,NA,NA,532479.247941033,123057.116410993,NA,169623.948379849,707220.844440546,NA,NA,NA,1
604.39844,NA,329232.251534167,33506946.8446014,5426829.32290488,58713028.0520055,82428174.7717686,7836027.86946682,7698692.2262148,400212.571572559,830034.178211814,10950866.532497,9954995.47138924,7679706.56700862,13012789.8958621,10918771.3463666,9384664.7369208,4430107.28686431,18263209.310703,9296092.07536446,40861297.3657507,1
600.29758,3092418.23300308,66788.0187719491,84441.9692066523,1466817.52525718,520781.7971718,403528.231222614,1126787.02611247,421983.930394593,49706238.6637112,561874.868994909,703651.623685633,NA,1020548.0335169,526714.943700735,102102.454251746,2560458.77158166,294959.408159264,75859.0632533467,283203.211132479,317252.921377792,1
598.22719,14275428.6215534,3989602.24407628,1277016.06908834,96457906.5161477,5032980.83274717,66964912.5308282,1358656.73717825,5750165.19023871,1101879.27375936,77575457.8444603,2403466.90352808,13331358.7391008,9952052.55003007,8228232.36308885,42829147.0760631,8074198.31713306,5061281.88448583,25020066.8005124,12589098.8786168,158376013.720475,1
598.22718,141320401.593306,74396677.9662048,7590591.93356378,4792193.71502082,7510480.50585177,2472967.8185615,2081812.31416502,11393095.1191267,5179303.41599896,2058232.28571278,2606057.46334833,2177741.79309052,3988651.87349274,4229705.57674221,2608377.16790939,5027716.47839641,5344745.08424655,4432020.59850243,2100458.75949319,5221201.8979239,1
598.22703,1697963.1542308,NA,1458455.30037951,149255745.029113,7096892.47438569,27828709.9435562,1462087.93661217,9945560.1565633,1102296.14387357,35507760.9778571,2694217.18095685,12962233.8019468,12738481.0220724,9289063.43904014,55837623.280296,8591793.83975862,8131878.06525179,26442637.4383798,129520267.919774,191612608.833479,1
598.19045,59799833.7225847,49246388.883288,6838217.32810978,3518050.43638324,863890.965759562,2133717.393204,7088731.42296902,6565031.03045796,5698905.96508754,1494978.33349752,679607.698242558,946486.836230803,1191566.2457337,2637829.69489128,1859217.86127409,1569508.06380499,881621.564376311,2880743.12106071,1596553.52517264,5053377.94520913,1
596.15383,2933898.02841952,72640.0923572653,NA,58157809.8483397,466075.397247967,1838989.668449,NA,27757.0627562403,NA,2258532.77531863,159138.981890612,470372.31848117,1087239.9118562,4312559.19585599,39934636.6146981,83949.80106697,607637.365949261,13110699.6512729,3604006.35795102,56913493.2571938,1
596.1387,305078.530580534,57027.0860049848,235424.950305444,37141112.761099,566942.462651048,405215.619895096,183022.687712514,737482.58117232,375711.046562495,71243753.0189684,492025.210495174,1413002.36547904,1525322.5442625,2961093.48239038,23196340.7440135,820251.212316812,604025.745146688,3378699.48429641,3690235.20161669,98264744.1663714,1
596.13842,1833045318.03056,2566670241.98113,22289766.8576805,32299.7408864318,1047308.99112719,250428.838123326,1329993.30576343,4423038.13231257,2368321.01261938,2191355.51904377,610436.326571242,1261529.89313663,1462984.5741106,3392813.10377118,1211149.72511541,1363871.7080565,628350.703457509,1861085.35476339,1663382.78774837,660599.428087491,1
594.28116,54297365.8586873,184258822.410526,161586.606274732,183244.001650182,200744.707998507,161584.045088825,396634.732512773,943651.299708796,357910.128855056,415662.68361215,435841.984829929,183438.084591464,100312.218293837,219539.894827397,434515.766836948,126364.793722432,128781.067223615,23252.7662915167,43187.4742269744,135601.736148466,1
594.27164,168324587.450629,86501611.2684477,1172559.21971907,2902818.93877829,248365.186883948,57618.1434085532,2190580.90113243,4922255.63228171,3359973.25432765,25424.6920433302,21474.1349573258,252164.843668026,901875.928999245,3787825.24478286,1458924.36058799,357954.349411313,115653.29442342,427086.68284749,585690.873486676,914979.632816769,1
594.15921,170359506.910515,125262563.192368,5759317.06662346,1520264.28292551,118928.342274412,643514.035786408,5405526.66652651,9833204.99265723,7138430.90381255,53581.8553652821,178448.381824592,99966.9261926794,1120442.98342846,1251802.36316991,1734862.75691362,278752.4216417,26907.7039524226,103464.102249092,92624.3261245462,5112954.56629881,1
594.15921,125596060.006956,5596505.43205918,208003.116993083,1622060.11740012,1515464.27512857,368485.456311007,NA,99100.2993870289,86572.2390422919,635715.49746001,259532.065350508,135138.476947074,710854.160799017,94769.9247058745,778967.107067022,232239.969296009,1583148.73858659,205072.155151732,1233517.21574986,919754.836101681,1
594.15921,121026583.651808,7331605.46437916,50949.3341617346,561228.774551229,931469.34406767,752780.362165907,NA,183431.271595379,349286.390242475,NA,197609.885686105,NA,261379.727446173,NA,84159.681155895,126220.228544173,498859.549238323,281747.912388225,NA,796221.978982681,1
594.15921,56398756.9461032,50173472.7600874,3096639.23764844,500909.635728976,1501609.77863526,202599.219455602,2702698.23952033,3306203.2201659,2773921.81669844,319775.266683325,786371.636997682,812003.274868576,819239.78251657,316615.298293691,1101612.79516203,143245.78902664,832909.184603049,1088700.83414593,175420.705783327,719673.907224221,1
594.13822,613892.11912659,705980.867229331,713067.472588152,119209331.391011,2495510.82747985,6101259.37726321,433070.016960985,2275870.82567337,724072.381230357,40300098.664434,7795230.4977419,10648206.1000805,21218538.9999549,29735357.1566616,67579230.9783498,16252399.5637887,12644473.1916817,47892900.7416328,23669622.159385,188562071.11271,1
588.43957,82725145.552641,11828496.9186636,NA,NA,NA,NA,NA,NA,NA,NA,NA,NA,NA,NA,NA,NA,NA,NA,NA,NA,1
584.26856,NA,NA,39176.4536959537,103544.359147128,59167.079460271,604957.495570908,94202.9036046268,119863.008137276,218553238.976521,649920.202641419,49954.0326455967,34513.2313573264,67791.5365007168,NA,54529.6006978433,307772.792254635,283870.861116334,38664.7941521537,86549.9330937526,32861.1063186004,1
582.23196,9908655.44892087,NA,3592334.8256989,134120792.934447,305601519.776738,28358957.4587613,3161032.85988556,249053906.609638,47102100.2497601,16756737.526348,9233561.38405762,8603596.8711834,98715222.6258837,5368747.6909354,42267955.1548733,31103309.0054833,200143369.369377,4383865.47558833,17158156.629579,139820953.328383,1
582.19549,439148.77054924,NA,1367353.81926514,71092146.3438174,1101502.75568494,3092973.59296262,387235.837311028,2500319.46823449,985883.069568599,7540120.48902532,1245430.57695368,713577.744015806,2072595.51915218,2105951.73878166,27627261.867827,2171667.25542086,1001666.45145454,192908.192365437,339769.553167241,230013.141155603,1
582.15913,6735755.3051926,1063085.86399397,1950769.11478457,77661256.2707299,2639638.24676958,3686694.75811707,1635119.321185,2627649.46889847,1311820.03786393,43022724.0991848,10130902.3595834,12341171.548615,30268572.8080391,37876316.1524255,43193619.7515179,19528162.9548749,7059442.01454545,23706196.0559317,72033090.7778652,68283331.7254897,1
581.16225,10076753.6831285,14477911.3238885,NA,25832465.1115034,1568013.33674624,40093293.737153,25208.1263372204,1301048.8041622,61241.4986440298,2783705.80969564,4151952.94785374,5786499.47056036,3446782.20256204,13487672.953973,19238467.5507892,379251.117086686,21211514.7795791,21292786.6344545,33418468.8708216,73304767.5832843,1
580.27378,84180540.9016846,26978580.5492294,NA,40534.6386029652,NA,NA,NA,57783.1492411812,80720.9083971709,NA,NA,NA,NA,NA,NA,NA,NA,NA,NA,221609.534495919,1
580.15856,30893721.2980423,16673073.3398472,39194.5413465662,87066486.2321312,5306504.07720236,135262028.107062,25208.1263372204,4764451.2146404,215905.62345578,11434600.1521455,15019640.6869056,20955660.7531689,12908991.2694931,47284245.0521746,67142539.511128,1443449.63573849,73877721.0281344,73330838.6207643,116989222.940973,256469113.277886,1
580.15856,55879514.9382459,46230749.598321,77510.8442111371,42529542.4566346,256898.69827586,40311889.4551901,NA,244919.692158446,NA,306164.566592889,15875.6246828469,65834.8180784329,95563.5393407387,882073.45799139,27762411.4586694,NA,54167.1637630351,7030670.55530204,423546.365552155,23025709.1055931,1
580.14336,155211437.904595,180636180.067777,6113006.56450176,197788.350745737,NA,36494.1341420336,9249497.94957345,6365965.91874538,6610987.78592878,1039578.9128952,94484.1080204599,889401.768638871,1730490.16190155,858653.967895667,744482.749047263,53304.924891963,59906.9379100903,90453.9367414095,1470504.80117858,184460.073780586,1
580.14336,31108462.1747211,13677037.6084867,1275048.91482744,798772.820293471,40838.7795974358,42012.3845880472,809052.742522439,1449690.74965759,959437.766408474,1313233.79971566,1076073.84711854,1095360.79911837,52079.7429758856,425522.454142496,337230.679768423,1149502.01710847,767638.451996198,90453.9367414095,549051.403424471,1666246.8843449,1
580.14332,251395761.266439,282189280.863509,263020.393144169,23075506.2053471,NA,700530.642198711,NA,178113.431172812,721088.282050577,89827.6703635903,NA,NA,NA,303649.313827738,674717.135195384,56676.4596408211,NA,335238.327774039,33188.3003638105,52193.6497918227,1
579.1465,12976155.4124786,10651230.4371625,595086.531288889,53339807.7951134,17100566.2324661,216059820.520951,132975.689942942,2050824.34127308,792856.603635326,11322878.2855553,3968542.60844463,12814317.4694299,14597766.2423792,25013471.5326043,51535892.8830631,4730655.46028779,25626736.3157511,79945164.1774352,20367447.7120389,238085946.44118,1
578.34649,57608.6906240268,NA,1525346.20248764,68752718.1501531,3719542.72207438,1798841.83876627,3303232.2307422,1529287.51954374,1505789.48236009,76100287.913333,1408188.79104344,3740027.34639867,3296340.61974783,1354679.65870085,16552965.0609869,2318590.7445306,1035046.77065563,1928198.70865354,8531729.87893376,62079594.923361,1
578.27677,104633146.015896,302983091.797785,1655179.04107278,818738.083114762,165677.991774849,102241.339314261,1602665.99112768,2332042.20374429,1722230.48883433,20617.5795889947,37525.3277882642,1080869.55791227,738724.209140824,987574.072475468,1177428.04333425,28763.1424493579,11689.307063519,27840.9759284152,213960.229030256,362400.927277209,1
578.24047,570786.529767261,92691.6324371718,10645084.4679927,75026608.2181228,21619858.9105225,20756905.7998532,16582594.5941004,24217274.9325279,20249690.7381707,36959210.3960712,39526805.8522344,57772719.4282877,54273526.5614334,75705513.4629474,93735905.0924679,93152671.7641554,32560453.3640351,105515005.355148,37404567.9920392,47848261.3344717,1
578.14299,NA,NA,NA,39426310.3896278,NA,NA,NA,267861.926959852,262650.281736272,307395.04658362,125673.195737181,NA,21338.3196091905,NA,30669690.1793636,298471.552778766,NA,NA,413794.546711712,NA,1
578.14294,35419345.3163381,31878625.6043904,1670434.2225221,635951190.064919,10638535.3088429,263893149.951751,278523.29196371,5398828.22002809,807481.724053631,46156319.5411485,6049407.27811505,7002019.13639351,13863610.5522145,32100174.6780739,411627845.192197,6367366.8435977,7951770.13813889,67556974.1124785,15297694.6279143,242162025.882138,1
578.14291,52056674.525685,32521796.5758865,2139904.08261571,160718254.942094,59501270.4541633,759536110.39289,523005.767708379,8171451.11345938,3260571.76408075,40121262.2462007,14711548.2153691,45097956.8080731,51733901.091109,86603518.9788146,169844068.401742,17214170.3340333,89913064.809471,274838742.231353,68049594.0610123,789761864.99534,1
578.14288,141013221.915867,106457351.306764,5863306.5266078,65260164.9102853,13370146.0036475,54671255.8923082,1233400.10490789,8501449.6995163,4085014.60061451,32905266.7042471,4206934.61450408,7808456.80932926,13622607.9215423,15677282.5508303,46744771.6350699,5434671.68698668,32782906.2421085,33319044.7079033,34020946.5895968,137233343.055997,1
578.14287,299215788.232957,242676553.864094,10115089.5595419,140692275.108464,NA,16743494.8418115,2029054.29811643,3463637.82477495,2651064.29057945,10652154.8004308,1933399.26284519,1067185.90955142,6052914.12109059,6125554.10394629,71224845.3054658,2711253.55931238,2393775.20376044,19672201.7779782,3213815.02051712,1151734.20358338,1
576.12743,6239411.77024326,14399.0602546179,NA,25021009.7700268,6681503.28611987,45826656.421102,NA,NA,NA,306228.137746724,NA,NA,572986.294213517,202569.822508982,14261997.3184871,221318.531628379,3855771.99692733,2339624.13244153,462159.019304685,5693463.69848408,1
576.12739,2733060.94180756,373619.537577265,8520546.47765942,115157467.602706,230564607.486847,27556315.3801176,11650529.6362115,113551022.727597,38018186.3399032,50704680.0413921,92887802.9401996,70626270.0940397,165520961.23253,83862064.3591232,83112327.3938958,59420375.0105245,265936676.783594,50497793.0968221,225860974.293098,178954974.446539,1
568.21633,3205603.31184343,NA,1694929.67282935,64275730.5523567,10290780.0729924,4979023.99189909,2154713.06562018,11171541.8785182,2698828.39719165,41726967.8794393,11716632.1307391,12709871.8678135,19618125.7901198,29000857.3389203,39319100.112405,16609050.3044551,13787578.0848167,28400075.8214263,25600783.2557835,108223231.57896,1
568.21614,674312.59640442,NA,674066.825471266,37411860.2901964,54570030.6371406,3962961.49864665,392441.642961605,28756702.3975965,5772578.85371147,2700264.95703774,1030527.26303919,1382900.49090203,36268036.5680088,1348528.33694103,14154245.7407278,3180370.21997532,26816466.7767989,3993785.72176691,22136746.3678151,19113694.9782659,1
566.23682,1481977.91222499,15356508.8770786,5542449.26683062,114890762.117799,10546091.9682676,8082736.77057485,4282316.90663341,7015252.14191737,5055785.78419455,468096681.185078,9771746.22054414,23540139.480255,15088319.6937616,53644050.6299242,36783159.464575,19763384.0499512,12458532.7734441,32799464.0307814,326361995.269987,305401512.773792,1
564.14861,315276827.631947,406968700.787908,43839112.4235106,5974002.35785358,342285.822981002,335919.812637473,34699444.6757682,25920622.7747958,20770897.7329076,3663413.70321358,NA,7120694.99408494,10730448.8958753,5247874.44207344,4905569.47736201,273071.376548159,251927.521477334,754187.134775058,1791653.10978949,5842478.31055697,1
562.24204,18531560.3077654,26600241.274511,142521.617284221,27706455.2909184,1425392.71109485,7215137.69773385,156906.140711507,1509707.41883581,1581958.00528533,27379535.6810134,904726.307815435,1729043.9021771,2424537.56615062,2774497.94421483,5394090.08551828,3306703.81972042,1196744.93034859,4224278.56154193,8123239.24398179,28895052.9824849,1
556.29225,372303170.797253,211171402.228251,4917537.84938159,1102743.8471277,617777.235103603,733656.720262761,2105994.2858485,3517901.19626954,1208560.07768007,1069398.81341292,613750.59293293,1159457.80886815,1301438.04913025,859617.940924697,1151768.05630795,472172.690197354,331452.292881635,322113.477343638,321220.837368152,994958.878548744,1
552.27876,64321558.3384227,38544801.3619782,NA,230071.820741802,NA,NA,NA,144025.458645179,68445.4525014836,80651.8033442061,NA,NA,NA,NA,184478.176649865,39597.1563134099,NA,NA,131732.992713992,389278.904204461,1
552.22135,15290560.1373413,4012370.18772895,3304566.81598431,288666190.354766,14627155.7512102,178803151.172531,3522016.31588678,12598706.5776807,2940759.04041841,201905100.261356,6137968.49775288,35433986.4870129,26534623.1041488,20208199.9781193,119696840.960837,20569450.6908507,13956527.4882242,60318877.5620143,26925803.7394902,431734106.978807,1
552.22134,1769806.69144825,97984.951452328,4091141.77480833,379836383.129298,19850276.5498789,65556396.2397428,5047211.53941499,23538398.607069,3164764.2134534,94384409.0023215,7686626.45868429,36873823.7502118,36568171.0948293,24765801.3520945,169743779.63869601,23089239.7538812,21493045.2166932,72986162.6677088,368720569.412687,529601718.022551,1
550.09668,145524172.635876,172382516.240066,117483.793603697,2018517.9910897,NA,56692.2390240035,NA,209236.727237656,436999.434931688,337738.914407434,NA,NA,28418.8348223168,NA,637250.330692487,NA,92550.5750877232,31574.1769256507,142583.864509519,122965.021473404,1
548.3357,980485.367984462,NA,1260023.77696843,55433663.9864306,1625294.31519543,39490.8822019488,1905667.16112828,1178795.26261344,9966302.15104721,35363631.690082,898446.216186415,2737381.55736732,2352519.04485909,1162767.11990862,4662685.75289612,1649875.533549,1055027.67269545,1118401.08549807,10290631.3103797,13275837.0490133,1
548.1535,36982977.3082006,74992189.5349184,6969702.72322621,1310209.42657159,3312626.46101585,1165572.08720762,6840277.161024,670360.64010357,2975597.78224353,832981.14994327,34513.5176151993,929897.01291956,4369257.67893212,652509.682815483,1118046.39259444,403928.452387791,2731392.27571701,231780.557822889,2041643.90697381,1441825.21652967,1
546.31973,3908665.8932859,1321500.70602499,90156.9350978927,75510631.3913014,957689.452451286,757499.315581892,382022.915404212,381141.738430026,1920803.16625377,3617124.96433125,650587.983338091,12137854.0067138,632795.531878188,104156.211588046,3298323.32069768,485224.383965569,426010.410347431,226566.019706941,545035.08891865,78979770.4418167,1
546.31971,NA,NA,357233.846639863,32328321.5959863,702190.866019322,389753.671611803,998774.720514583,485329.038829064,312754.117308263,31053940.5767168,365365.704030338,1679354.19622042,834619.198729149,287825.538746106,3099570.07184501,1199639.38238409,325060.875670892,1250397.28552368,8316079.16124308,50392555.2459847,1
544.30442,741547.006888367,NA,839214.351168121,50254424.3341642,3347708.5674005,818525.100019676,1562725.23470665,703319.098874133,401950.355052888,24442483.1047364,553562.670416477,5307245.81875859,1792631.57712579,1071332.91219219,2410767.98084382,2674915.02085924,341694.997133983,1047536.97333578,6188679.34946287,43460277.7936489,1
541.33852,43269776.3729604,60200598.0501432,53110.8636758141,529125.229924517,NA,178315.443983375,26009.0803187002,3829075.56524575,55081.5232126113,372088.447176944,196317.997291573,124323.260234187,307624.44021619,185149.933795479,366033.172834477,108671.053744653,107418.141541251,43418.1398115486,29591.1479042204,508453.281290258,1
538.16932,1150767.9648708,1324061.6948295,658150.83636423,33697973.8599663,2389032.56052555,1312108.51384682,787657.379892861,3647169.57390385,1908728.1505897,11704069.4845842,2770650.10871054,5891855.23086316,10137166.029868,17615985.1315627,15886163.1222143,6344997.62500022,2026449.90470376,7107726.45650277,22239315.5302798,48753053.2408192,1
536.15362,6806985.20130524,1806806.26657511,13625797.5483983,538636548.236912,20691445.4107453,24449961.6900503,14147150.9212445,24936481.9554456,10489828.3484101,349861764.028,59578970.4822622,90882438.2479547,220434615.861363,266855141.734053,380988291.453463,130978163.101124,53760637.3980153,174126012.99568,482463544.547684,526536766.263637,1
534.19532,NA,NA,7639665.99218678,116214130.8008,14428972.7422744,16605417.8095778,5774704.36930138,20379346.8168543,5647529.93961698,121287633.439186,13226481.8476271,24635222.6035612,36301569.8370369,46751643.958915,49103094.5855225,62201392.5323943,24621417.5903654,47544309.6680164,39064790.312242,177847911.711178,1
532.34088,57608.6906240268,NA,10660985.6999839,535013711.373245,27636926.8017157,11938632.7678105,21799821.6054926,13489547.1833,6368782.69476213,697425618.837788,8835731.10313383,29348511.3251455,25729154.3098858,11971929.5228337,118119145.354231,13893947.4786351,8661364.89323131,14296385.7517321,71475683.5094102,503824077.928465,1
530.2583,117238144.559485,2242525.91739956,NA,NA,152640.894603573,NA,NA,100389.269237443,NA,NA,NA,NA,NA,NA,NA,NA,128872.834943051,NA,NA,NA,1
526.20566,NA,115626.845257261,917473.724379032,43391107.5383481,8273794.98728729,2847253.67118809,1604969.4130026,1951007.58805743,808543.759569068,42925641.3155833,3120458.7653142,4651317.05336607,10820928.0805174,10134431.5238194,39068110.3159199,5661962.93596148,7845686.43741917,15170154.2413149,43578583.6731826,72519295.4664228,1
522.17429,1192118.98643988,NA,275167.409507102,15938427.1244683,553338.672502809,180966.580261477,532316.262935013,947314.112750525,4090226.20891053,75296570.1719441,1315131.23802036,7766100.71417577,3951794.0898769,25036525.5094462,4585078.27847021,6463782.23836383,1133122.96675323,4239961.61677498,41464251.5054627,75411491.8886319,1
520.21605,203669.801523591,48211.6470529279,8899752.756237,816412361.937811,5574900.2510792,29115661.5717783,4306789.60537506,15483285.1563306,9480675.49403401,121561814.601263,9155277.69658019,10640999.9874105,20869271.7268616,52376151.6380451,603736309.439734,55750514.3520959,8492147.88676381,34872808.0387235,232938699.129017,45087441.8981793,1
518.38228,39133.1263050259,29926.3813639548,102189710.920421,98362027.4398725,74144638.0779629,108421448.097149,58698686.5302497,101961083.357338,50119525.2384224,162281625.012837,192214928.698427,103000297.051538,157027491.367396,227133680.272744,142189137.518525,249138599.386011,80833648.8897742,33286003.229352,188875944.699821,121616516.58744,1
518.32477,1331926.23490429,23905.638717724,2327870.55329126,14275351.8129855,42762131.7242696,14325918.4192511,2693110.45684009,35758411.0158232,68265465.6631992,10286371.9562985,2815410.49192708,3196486.92691735,13858571.990426,2790533.79469889,3999694.09682823,7636526.46962513,25722753.5389868,5151430.80941773,7234395.6705884,25879789.2863907,1
518.32474,190923.656017888,NA,9701777.06348132,5170805.28417084,23133864.7464665,78804247.048698,2053069.9505698,5436513.38753329,14710330.6579225,6661836.71949571,1859912.26470564,2269267.51270288,7046412.85794303,2320212.17600803,4358886.40715945,15803718.0408904,3272071.07407079,3942870.02559206,3017199.21567117,7169233.18929902,1
518.16411,53274953.5897716,32500632.0313435,1993277.4410858,237103.299616142,NA,72959.9753627248,1149646.14037956,979666.955488375,1315361.41084098,53074.361605724,36467.5032754357,29440.7622454325,127113.986042094,258650.57623901,477998.809465019,126273.748687127,144736.275391421,1653062.99844132,42863.0075261392,232893.32130894,1
514.26316,193665545.920438,5780343.9050625,394293.497691859,1327644.02062648,NA,1257904.91677492,NA,1639818.85972437,4746300.80936387,89470.9811215918,155525.806693456,459712.256632847,809265.828487993,101454.596578237,1266815.00482211,388241.334382131,156831.050776775,233711.328613104,NA,2178070.70846098,1
514.26316,5015959.42226297,187424.894966791,558558.969120235,703707.612102304,572257.693567644,1003823.41555593,1447922.80327291,805246.73146078,7822153.66978464,NA,26767.5310061465,NA,411018.196276882,282320.61442479,424287.486402093,358311.001856014,832479.71911304,NA,91696.5957039907,383127.201887761,1
514.26316,53004304.4427404,509719.521741633,701507.616164129,205356.581819064,572257.693567644,2389697.76220854,1447922.80327291,805246.73146078,8328410.12856301,1702802.47690571,478600.972946338,270322.845466782,1021200.38959448,655910.463344291,58992.0460745463,968125.170957995,903890.137483659,125185.160293,461099.158699955,146047.268967312,1
510.23169,519758.842485764,NA,287790.842780803,9640617.76487519,115617574.537122,11522345.2612502,386904.322334003,40795161.6741686,5453419.51653757,2780556.26426653,1846653.01626705,2844863.53945391,71830439.9846533,3468720.34390732,8298232.32071658,8319032.24872418,44803209.506283,3442270.14628663,5179387.189345,20248768.2909616,1
507.24061,51801204.4876728,231224.197932247,1135870.95536793,150131348.317501,1229399.33439366,7797106.94908847,206115.817939874,3383459.85329796,6148885.52892473,25158995.3669252,1184942.87427387,2731645.53784623,2206433.10811936,12351943.2977914,44008862.816019,8231425.00688332,1352412.48342481,1432899.2790179,3063155.79724794,27154105.9900494,1
506.23667,1165121.97079058,NA,2379412.95774496,703427462.647824,1512656.65682102,33200898.0841643,154880.346524148,3894246.34656306,9889798.20534059,94181508.5240017,1814916.30787409,1436465.8461285,5415507.06591334,28529472.1456009,183089339.432351,24098850.4586432,1056248.13137231,1617332.30650084,6276406.24306969,108886846.352721,1
506.10643,313372577.661553,240994439.070836,207474.621935963,260944.563409698,NA,383547.957186462,266069.241109535,569409.914703305,1148533.79429414,2230448.1297667,1613545.07704301,1436568.22110916,27726.9789376417,39754.7052240477,206679.656275519,1285435.13718899,NA,NA,357384.913022443,190999.266886711,1
504.34549,50303.7828064985,31845.3911959312,9128287.67262637,14438415.6070348,9787679.10151568,73924533.3524928,11045011.4821287,2656260.70017712,2822049.67583675,8027328.81050975,3235560.72155175,7562647.39244566,6321048.16312476,7491473.33005179,4990539.89885297,53123707.7584017,4764539.00792802,22194364.1444905,10254483.7930156,64967185.5516293,1
504.34545,NA,NA,5382838.05024674,67351178.3842948,4311490.53674008,5250114.61103648,4822053.9833392,5588758.08460906,2043172.28527513,99148446.6538262,6914149.60002506,7231469.95133258,8344594.89975355,5686469.7760986,31831728.4989234,11552445.5392463,3109286.53752459,7312163.63895225,28304022.2077461,80777655.1797934,1
500.27545,58379551.2433084,49471594.6056197,NA,112359.302085515,8250.20778493156,118954.37920042,92075.3411221332,55993.6965359222,260810.8620419,58599.9069834993,96450.0969671388,NA,NA,80421.7317601616,20449.8941116198,8207.27892551046,NA,NA,56482.7415300544,14881.9007996117,1
492.22116,4752795.86390592,NA,1023552.66799775,152629522.275263,3499737.47778277,9853812.23327455,3366768.74118017,3011946.45850841,4104292.15977458,23748606.5775415,4127973.45253218,5246159.9897627,13803443.3682696,11115690.7606078,36610824.6345315,13236292.050028,5438437.34014089,11664930.6150448,10017558.6235188,32787938.0423585,1
492.22115,1862423.76853047,NA,3238828.19592098,77525026.4770348,39017558.3460168,14846421.1503079,2902288.43449858,15349937.4974795,2519000.96964147,21647626.3341977,10508586.9691584,26743386.3122451,33756218.6847492,42549515.1928181,52365476.0960509,45216626.3496949,23973123.8792651,56995433.6202211,27331344.8912792,77194699.5885444,1
492.1484,1978163.73365004,58332.5209589963,120152.436064796,342003476.780734,411263.962817351,290830.02647521,90271.2072129481,2705894.30671501,147884.213763299,203036586.074054,9797634.71348828,84431.1808175152,6965343.27239949,34787613.9970055,637303656.013974,19785588.2357609,2187723.53842897,643352.473223057,390189.74241192,60994110.8803234,1
492.14836,58373.6838237044,NA,182644.225369924,17543448.7239589,411263.962817351,69222.2115325328,90271.2072129481,627194.376980934,258700.371175685,15911088.8747261,1153242.9309818,34855.0559556744,216878.877731013,4795474.0492752,1131239.99249081,1666160.34260477,106627.870767269,16587.952146545,958853.315783126,12180572.7312303,1
490.35088,79070.0662196304,146463.840057857,13976986.9703577,9430273.38452512,8283051.52707188,21814714.782585,10595199.9443518,20110816.3485042,6406645.64663079,29322743.4934872,26871364.2384508,9845988.91965686,17591916.4556222,19265164.3137853,13797193.104015,26389350.8814725,9204857.30443158,7465708.19670559,22542211.15988,20925365.6294465,1
490.27804,65615254.7414747,23797217.5949844,4557331.55640628,652629.084401469,555210.68894462,1823047.84485537,685564.432971838,1951605.3877191,2398513.85848662,882164.548912644,665954.770817647,259622.557484816,793903.099817691,283958.004439575,1306075.7877674,1813503.00476498,798378.971122412,1467181.14848491,968875.260621078,1419043.25731877,1
490.11155,65826726.8452509,64093131.6039851,NA,229857.181701341,602547.482311581,83592.1361819423,54311.5301997965,88839.1484934432,NA,917327.80841613,810726.855618954,112083.40887181,51014.6918365944,67201.9870537301,137385.291265893,777880.846337594,48942.7598585436,156155.284979974,NA,481608.180935487,1
488.35053,28014.2632603393,681015.511118309,79311955.4512069,32528191.4755648,77753668.1803849,147750574.83526,40864446.2496152,43115853.1397383,11692425.1810059,47520683.3144377,65955034.6907864,50047269.785927,46647407.1941373,42882291.0529862,45973661.0093607,134350117.915203,39197095.8394952,68949862.3456212,48127195.8985166,87395682.3975079,1
488.35051,NA,NA,20974153.4974226,54484533.5860725,9522434.21430335,5629326.06859311,9775202.89037241,10233625.2285054,2017285.49001289,84198243.6770598,11544452.1557235,9590804.8659277,10228567.2251709,4702722.2446076,39283333.5638736,9821176.49313672,5029888.00838025,8320955.34168027,7931432.19617339,68269336.6280807,1
486.33486,NA,NA,12759967.2833724,5601313.75341171,26218230.5677146,58482571.4781319,5586611.72722609,5794698.37090641,1816997.08291409,8934473.93598288,7733471.59659957,6855825.92786172,7749370.72940505,7496184.37367358,6977358.7631223,34989548.2121495,4642176.70920481,18669749.6403016,12496718.3277911,35685155.7498695,1
486.33483,NA,NA,1492295.53097528,46393778.2496329,1698422.07874353,651114.120963413,1929175.22566044,911833.899682723,182984.967872599,65987555.197636,1450205.41649525,2221298.2635402,2545201.27116465,916173.39652056,11496232.1161381,2586239.97007295,951123.611783165,933832.700094904,2233615.66049602,57110081.1044415,1
484.28036,113128499.317735,243318497.897033,310752.531492008,476877.511724466,247847.393593494,283297.005633768,365655.273198381,1851691.17204526,410915.812723041,439626.95275022,239036.031708977,115616.369772117,352465.206593965,375754.155430044,661974.939995297,106082.40635248,80657.719139544,17776.1229311467,6239.5398261685,312404.443070514,1
482.2648,104672965.682425,102953157.23225,64663.9090788187,57494.7026222431,17246.4859196935,NA,35551.1725954267,507425.531234123,141546.579795208,12785.7686669336,NA,NA,20748.9963297796,105232.178838053,194108.038905582,NA,26344.6190187194,NA,NA,44217.5900727998,1
480.09081,67944.4782898389,NA,5887784.94402052,65920210.5269937,20985379.7440012,20352059.4332686,8750067.64208834,20278614.3431133,5536783.14966499,48111427.0732462,25896229.4452006,19172815.9321719,25829325.3612349,29521178.0935325,80459654.2613498,44776944.025224,19835288.2608364,37088608.1257289,5346708.53362313,137333739.969159,1
478.07501,NA,NA,1670176.52265087,59883880.4828899,2689343.41186378,3935599.85073587,2208285.00971582,3376112.11392829,1693987.46288742,17673469.6248356,3508585.74465847,8116060.12012021,10231066.8975213,13424895.550499,56334285.2714408,6512462.84629096,2515401.93581365,12706985.2963016,9488232.58428039,167716561.071933,1
474.21056,842930.658564374,NA,473721.415274436,51888906.4151031,271493.407695611,1870441.30725991,277523.993354905,829031.853424347,895578.732944588,8954921.50636395,450315.627131702,21257.6586426372,724109.246189431,2478018.56165717,38058019.5109278,1719218.95016029,397926.883610243,1969003.41491473,13815895.9995754,3027902.33433417,1
472.19472,64964.0195395949,NA,NA,70712701.673624,195724.073668576,80039.4960712829,NA,90696.7521027838,NA,218956.11765643,NA,NA,NA,128092.476614694,23636859.7639394,106557.884790745,53411.0049018778,65221.6996311832,27728.3870802963,287072.368709764,1
468.25754,208675888.135874,6683254.19481186,102594.036054715,309623.018950468,29857.5922375576,241684.970630534,NA,1132316.17557387,4667189.6093384,347024.036534494,61902.3691819469,131787.166353476,518791.911977416,108246.61058656,104976.541054929,1810539.34365101,21703.5170463805,21284.9204228591,229026.314971659,81434.863478257,1
468.25731,96273767.6248985,3720938.71226285,NA,32547.2295043042,29857.5922375576,63893.3767895671,NA,308931.433741457,184510.727072342,NA,NA,NA,NA,99399.9584046662,NA,NA,NA,NA,NA,246640.926972624,1
466.11139,806487.614184179,NA,638877.80897091306,41968812.2226764,1351607.10087911,5657589.11883316,783254.038133662,2709684.82543205,238904.531401267,4735115.77872847,2210227.27885159,1780187.72778553,3499656.06069546,3332135.22540253,14887387.0860012,4512581.7438128,2451980.67003283,4389516.79159133,1555580.30647336,6128103.37490715,1
466.11135,7015965.92404127,159654.899798311,305825.412312742,29114007.2360385,645187.371511569,1097485.10495894,266197.345277131,801435.260007937,426746.421828766,1258362.89789617,847986.326994488,695438.165576914,1219969.99894135,808827.05478719,49993384.3233044,679069.006189066,721235.800247325,1890899.84576033,1230997.88852727,10216725.8887024,1
465.0992,NA,22394818.1500518,56990164.8252149,37517038.8523663,83171928.5127416,84163851.3980689,48571507.9299676,80302224.8864003,35447825.7557924,73834183.6884005,72423098.4797014,12365487.3160841,93318013.5104177,77419894.4280736,5984415.51264087,137321650.808712,69914230.8513789,58254883.7943886,93305238.9591956,254123871.593498,1
464.09596,NA,NA,302706220.735959,789894321.691957,465349523.326154,474389523.325672,280216292.555158,502279382.166681,210568200.150686,500392691.40656,348271769.112176,504085066.918232,602168739.946828,967513718.253827,672682399.513628,855802523.117961,386505117.017744,1403274938.4232,581031827.898626,1445467063.13209,1
464.09575,13331990.3248607,48799436.9973179,1049496.52806954,76282085.7172266,39709968.3402647,NA,9063428.7503753,10062548.1615532,3866632.09548661,69491499.9268989,9719653.23564508,16285474.1283828,NA,92465.1464029442,88977426.472582,35966554.6609181,28535046.5278417,NA,NA,270374556.858192,1
464.09569,NA,NA,NA,NA,404029379.192007,412140944.649065,NA,NA,NA,NA,293561926.156154,502635039.115912,NA,707503803.044903,39925865.290844,NA,NA,1065814215.37526,488199920.893768,NA,1
462.17404,11146260.3498074,8132462.94457602,9081320.34117521,45611127.9035686,23417167.5445516,20130363.2380752,12682404.7094911,18610784.3314599,10660352.0993153,56576419.5489987,33573529.9067764,29229998.592704,31206612.9920852,74515841.5043987,72264661.2297675,59700346.6028253,23650896.4042262,80220327.9991899,23717171.3805142,82353223.822106,1
462.17403,38749033.2697316,1627396.16440874,15012786.1369388,94124350.0298599,41160652.6109138,36534294.1237396,23040597.8734679,38720339.1501643,19348645.0007743,78583597.0089488,63040909.0977541,45472863.2674293,64036045.1050328,111486734.71826,106327115.318625,90775791.080019,42164818.098169,143509609.721066,45652691.8123842,214352352.102876,1
460.23139,3096099.39965233,NA,3573797.37922162,771347561.798368,2954094.75367588,36134874.0809235,1923524.46498728,4079206.45235152,11701028.1129004,97710008.2934521,1867558.38210416,2456908.4920127,6144012.98022603,29825351.3544995,192119852.053641,24869717.8468177,1575724.25104925,2576918.74588059,7392592.02253561,112753357.513921,1
454.24177,174709744.986273,30558607.3506905,308796.773565687,1395627.0324067,1039666.37546135,1580708.35496408,577427.104791802,554230.561442258,5587515.02441865,1930238.58707145,1367236.06620024,103035.068614918,529021.723798032,972712.349512632,462130.940654246,1679187.39790221,752972.618456683,675455.523395654,601264.48233266,1781402.75630948,1
450.08014,210428.495417058,NA,12815822.1105708,39786093.5214457,19846698.6149457,20102248.323362,11456358.5025955,20195385.0448249,9437826.8757693,27883815.1491053,17636941.9336283,23731734.8632145,31444050.0874069,41074914.2268227,30665013.8475596,27120343.9546503,16917453.8644315,39920751.3363473,20436066.5542676,60284864.7900683,1
448.34024,1394915.22077045,964395.315103143,75832049.1290784,53786943.8326499,45977334.5167161,85764062.0375652,51865952.7165108,78322310.3594339,37560495.1679709,120783437.942924,104146286.43484,43982755.7814798,74654139.9547802,48413977.3401801,55115942.6055976,75107813.2213702,52648220.3445872,42040795.4789774,89026708.7607436,97291456.4159132,1
448.23123,1518907.56117164,NA,1452955.57619577,66409730.0823415,175518700.110074,21533747.4649721,2144232.46907798,59137435.7544093,4057480.47214314,15728224.408934,9839169.38329676,12404053.3127516,109838906.506869,11718407.48286,25700677.7244079,22837572.4052754,40166199.3527674,8708258.94768095,15146268.455398,50883614.9517408,1
448.15836,NA,NA,2065660.91104723,18406139.5352449,78121531.9344144,38289121.7794786,2642498.89216232,11047598.3273748,3372482.91280644,7061281.71565345,4703465.91140152,4596912.10161481,11768854.2341256,6033296.08478558,13067927.3860937,8826075.11123557,69967107.1517491,9379175.93955257,6613095.4294486,22019314.4731819,1
448.10115,289373466.867924,330551218.826021,10897079.1931609,838121.209659574,323445.199054363,445387.832119197,7810229.08912518,5061684.65016611,5291504.31083794,466007.954195939,373135.470727172,347537.297003412,992555.585515186,1640086.87082769,1552551.60475664,409448.446490097,99296.3467251541,1508151.63669321,257724.357638334,1038948.45760627,1
448.1009,1004718.94556547,2130372.47230004,23107025.0333083,57091293.7698514,25625073.4362344,25714206.610725,14947380.9059819,38576501.335255,14827077.6577296,40058264.3838373,26461986.8520593,47350479.8739637,44417864.4930955,69033794.1337355,47067638.4569596,87145324.9693477,33620969.8954388,402397.648265109,35305517.5513099,107613006.945205,1
440.06261,14278.602801833,NA,1890885.72421193,65395271.6708613,130408418.098906,26635078.9372881,1431725.30082336,186750594.22392,17047015.1871515,4691238.0460799,5915629.00906127,NA,89917049.8646546,4864179.8756835,13693857.0462505,19505257.6506595,77499925.353396907,2941450.55745449,38462891.7340309,78701219.3533425,1
436.23117,55315976.652506,3375240.19445504,25852.2425613979,NA,NA,NA,NA,NA,NA,NA,NA,NA,NA,NA,NA,NA,NA,881886.795010624,NA,89513.6876046776,1
434.21546,73117510.2617147,55238042.8460696,51196.4698300854,2301479.79333902,104191.270173261,NA,NA,375838.74249841,234075.024367902,234439.131062746,NA,NA,NA,207221.410957411,1116623.64875266,NA,159000.963430873,556447.491927907,270157.664748164,1474599.81074294,1
434.08511,NA,NA,914519.942285371,15637662.2648381,1596676.95159817,1452146.88751535,1008225.10257833,1607352.69866149,726311.960779488,10538414.9831954,1275497.46527363,1641543.91640802,3493356.9626947,3906082.68195812,20100941.2246145,3697133.73010596,1241505.25973458,4958660.49964564,4618560.92314831,46483612.4825284,1
432.19974,97467669.7575878,46655837.2615723,1375889.30915102,320035.423776387,419455.44544235,1897217.30702213,1101395.91219679,1209991.26938687,913914.127182042,1215054.15014757,209029.30380888,925421.337626369,892028.386592314,113286.276794527,657741.241185407,400217.945225211,335280.403579444,211145.596409667,546566.312822665,73905.7365914727,1
432.19974,71329550.8242885,26671865.8291923,603160.381733503,1907598.3735484,45107.0824337377,NA,356269.578190917,1332127.61328273,1212261.59944243,1399013.21960298,NA,809986.76986854,524878.59221291,589364.631266703,1307834.99085286,2406445.00144236,147134.343495679,66717.0554389471,218028.251671208,790147.79686384,1
432.1058,49144601.4887751,42296110.620495,3281380.04921907,39105.2891882918,NA,NA,1934341.46186702,1894866.37754778,2347647.52024581,NA,NA,31632.6130244076,70916.8671034051,351366.377333855,185923.207739464,NA,NA,NA,NA,98905.2560049927,1
430.18403,32364031.5207177,19716249.7686484,809951.228800269,4848738.40286471,415248.04992907,1210963.27498952,1051526.30215172,807903.075134346,598971.403064725,64061.1273052455,282797.292003151,NA,32719.3025953547,103244.271804219,2151410.6879061,NA,50075.7651291946,208260.369434978,45759.6585180049,134160.016935013,1
430.11137,164392378.885103,125413851.930104,698033.495372652,654456.815244944,729166.9492156,90951.3682574927,62681.7687505496,979529.035076728,590599.344106884,238710.877487449,112291.447555958,136990.870043631,586648.294578585,339073.313461272,942877.887295896,366226.364842659,703021.463983657,339928.372933168,1412453.62500354,643485.352985448,1
422.12146,NA,NA,76588.0348302038,63019142.8109543,137365.891544395,306518.009221716,57910.6077988418,242569.402612655,NA,2414994.86979035,730588.369810989,98142.5840179639,634545.914608091,933490.144169708,27661772.0889192,285971.793051481,232745.319474154,70447.3532384795,158263.162163199,1626214.47958594,1
418.32966,1315576.03024832,929969.639736339,80585647.5270551,89375918.9871506,57936877.6918112,111371825.615963,48593321.0526428,81281214.458016,35711559.6906305,224725468.219056,143317570.189794,89882832.2241633,115459943.386665,96985216.746298,110014346.450339,119836965.998982,76908180.3533839,68262768.568611,116482532.206216,113579574.56419,1
418.32959,51816.4710699605,53945.5903389917,31282229.055144,24136077.7253187,14629126.774126,19785839.2278649,20298202.7805843,14334570.3484573,6624570.01248309,66956876.0729874,49336043.7217206,36965140.6747781,26913412.582175702,34552015.2329186,52159675.527256,45833030.3934665,11181626.268919,65487281.2300355,22973724.1903165,60328136.8829318,1
418.11126,1784322.88766989,180447.711922526,10193184.4948695,40333354.1256397,20535849.0291461,19737618.7401416,13824110.6584391,20754881.336496,10369506.3237101,21085418.8097651,22700317.3133611,56753207.3899642,45320390.8677151,50137346.5464949,49395069.9059943,12509976.2831451,25049123.3616623,88242395.2517576,36186618.8274961,58614680.1695685,1
416.18697,132924.167395225,NA,41323762.8484736,147768182.489949,122530666.048902,104238225.145813,53428318.7340671,111300133.589942,51476748.3256141,119699446.552741,138774300.154799,130310532.447371,129573281.318803,173889246.489264,170451113.511468,414752760.088807,148135404.914643,305910909.751478,115003980.883411,108006220.667281,1
416.18697,132924.167395225,NA,41323762.8484736,147768182.489949,122530666.048902,104238225.145813,53428318.7340671,111300133.589942,51476748.3256141,119699446.552741,138774300.154799,130310532.447371,129573281.318803,173889246.489264,170451113.511468,NA,148135404.914643,305910909.751478,115003980.883411,108006220.667281,1
416.18697,226511.945644823,NA,3037401.74736386,7543664.08197683,10238921.3691521,9838617.37991193,3338887.78980962,7752921.87802847,2817236.63084959,14333114.559516,15122731.8671811,13142759.1265258,11923426.3697083,14856765.7175454,17299418.8907167,42320741.2871644,15622475.4025529,27954541.247979,7004264.2697003,6158764.47009128,1
416.18697,390698.662686357,NA,4227103.73412401,8044788.1584778,8652307.75192796,4548593.44828855,5022114.44952675,994297.052780144,2974585.29589195,13236178.7554006,13672557.4031014,514643.147102433,667847.221903091,13911557.443974,17244803.1958182,33960811.5522597,623766.667608188,19592410.4802988,7298428.0422589,3555493.62421437,1
404.3139,397684.63219299,328584.754792656,28537453.8315918,33974010.9565586,22832942.1712187,41501743.3221976,21505292.6473673,29937306.1083597,15508592.1759087,79997752.502272,59266632.3350802,39128367.181864,42393811.4433907,34091320.2161821,39492565.5278408,52760218.5268846,23649300.0672254,33304318.1412183,37843424.8799054,51922170.2722864,1
390.29846,64081.0334348964,86421.4306863838,50272797.5477966,41486619.3264612,24164755.8464394,40667140.306025,37082259.8336847,23593553.8995955,16323466.2042716,62141273.5793053,91242244.2040573,43666763.0475661,52944482.0553805,57873512.8323803,73910450.9509059,87633742.8204616,18811477.5638293,129880636.832178,32984845.3935859,113049547.701432,1
390.1168,926471.180388895,110209.303775609,13145010.112023,407802277.228523,1511703650.7303,140289696.340063,12022048.5093579,1060279769.00175,50885044.4375103,25104342.9975225,47811088.0563415,39346212.548801,1372738666.91191,35941751.9501208,104804613.64576,121306469.050249,625694116.735643,14291214.9692682,27381043.3855192,538099703.082723,1
388.10094,4222964.11880252,562179.885339497,5142815.17363353,27042336.365249,11648640.6272052,9734597.22883165,7016778.26947638,11998465.6395866,4844570.16257328,25780509.609766,36078065.2474582,32032882.374641,34005268.8753433,80907442.6256813,53053201.9200322,59136975.0731463,17283849.3033241,95199301.1103685,24110604.0790842,35619690.0898922,1
380.16834,43581509.7878596,7885917.94427643,21784.8212716275,41239.8408724087,91873.8489029499,NA,34156.0283283785,76813.3497349084,NA,39567.2877840469,95518.6307001629,138251.41108510701,92565.0926107891,225308.821680755,235390.010306931,322945.684289677,60840.7378240727,357559.17158734,47406.4172197386,68654.2672878201,1
374.13705,37192661.4544931,58571132.8935804,410693.201365985,114550.156536753,726540.693618138,NA,NA,605318.26204392,269637.851726717,78584.9076799385,49727.8042137427,32843.5015031661,193173.678648438,116160.190605756,546779.513846949,52227.8110401915,346309.910947978,23765.7529048925,71852.810704006,209381.102329477,1
352.13733,121305338.7228,43605555.2319803,721835.934560149,198722.045794425,NA,279896.711179874,NA,NA,91554.1852828492,NA,NA,NA,NA,123835.848955568,188896.029539729,NA,NA,1447047.28106883,225235.064581221,356383.383213727,1
330.24083,81436952.2794679,178493054.241563,25759257.8043411,11917537.34925,5638428.1175663,3933607.97165433,5754985.09871521,7678050.80913412,5836690.6486521,1564761.26406302,3525323.59867295,5274254.49491482,6743433.74206821,6060413.27240513,9977058.16543041,12253982.7439919,6207403.46295474,11261710.8779595,8972359.1294947,9311048.58387643,1
328.22525,667726498.393118,369113768.584454,26073370.3352235,9984670.850312,4222407.59068232,2128287.80599561,5467197.12688779,13900901.1318166,3196213.04822818,409035.780053671,448085.833207864,473992.71718397,8620317.26457331,3601244.29087434,4808937.72605837,1305490.41904699,2322383.21614371,1920174.30839823,2969070.22355009,3838360.73904984,1
328.1524,4384391.76125342,2409815.82048137,45586.2677413684,181710595.628222,311153.544449018,68702.7027659029,53009.5083073945,297284.165098317,61871.5577816503,1161282.24565654,155784.82947019,181233.243448768,142674.277584528,342531.610398593,36560010.241318,504970.795374384,162415.7689071,454767.104481555,77598.7749839263,558472.101863921,1
294.2197,291801358.238222,200926103.513818,693475.273818914,624752.847152508,109614.590070063,63890.8043837139,352815.441472258,839917.193234135,876983.024324286,55208.1461199802,62448.3665440766,111237.124907791,231900.181206532,596989.328663524,445854.654206914,116234.471101772,155477.233047087,243403.902531133,334428.528696356,898081.504437733,1
294.21954,32458486.8578063,71251948.40334,693475.273818914,624752.847152508,NA,63890.8043837139,352815.441472258,839917.193234135,876983.024324286,NA,NA,111237.124907791,241150.505283732,NA,NA,NA,NA,243403.902531133,NA,NA,1
290.07921,49985241.8285362,32865944.8171559,773702.274869521,111672340.9859,12980763.5693961,172217710.391001,200595.737196131,11094078.359753,1904987.90726966,21839881.9576845,27263969.4357463,36865406.8699332,24815150.9695167,63732942.6497179,94008400.7696117,5609611.24520309,103472042.169034,103458472.887834,151239168.208716,305009328.720161,1
278.22476,133607787.566473,103960868.968543,4532121.77732975,1226493.01745247,409684.00182193803,246217.144449794,1292111.59111199,2599368.02211798,1940006.56003556,195560.263260921,233437.550524175,1293737.16108994,1716097.87365354,1611343.10642833,958707.090871559,412094.4978689,607627.735447578,874679.000304812,1483950.04840063,2098445.81721202,1
103.1198,170.607,0,7.437,8.325,6.771,6.549,0,9.99,12.987,0,0,0,3.996,6.993,9.657,7.992,14.874,7.548,3.33,11.544,1
138.1207,9.879,9.99,8.769,10.878,6.327,5.772,3.996,12.876,5.217,13.431,4.329,10.545,7.77,11.877,12.987,6.438,6.105,8.88,9.102,8.88,1
60.052,157.731,62.382,54.612,41.625,35.52,8.769,8.991,40.293,42.624,58.608,11.544,38.628,46.731,33.522,71.595,31.857,97.902,37.185,56.61,66.933,1
58.0791,0,0,0,1.11,1.332,0.999,1.11,2.442,0,1.776,0.999,1.221,1.11,1.887,1.665,1.554,1.998,0.777,1.221,1.887,1
267.2413,17.649,0,0,0,0,0,0,0,0,0,0,0,0,0,0,0,0,0,0,0,1
89.0932,933.288,125.874,12.099,17.538,7.437,8.325,8.769,15.762,15.762,11.1,12.654,8.325,9.102,18.981,16.095,12.654,17.649,13.653,10.434,20.424,1
132.1179,253.413,77.034,53.724,28.416,0,12.432,0,0,0,10.878,18.315,7.77,7.881,24.642,16.983,19.092,21.09,35.298,15.984,46.176,1
133.1027,29.304,0,0,0,0,0,0,0,0,0,0,0,0,7.215,0,0,0,0,0,8.769,1
117.1463,25.086,24.198,19.425,10.101,4.329,4.329,19.758,26.418,22.644,3.33,4.44,8.769,8.991,13.764,13.764,4.329,4.995,8.658,8.547,17.427,1
354.3087,53.169,0,11.544,0,0,0,0,0,0,0,0,0,0,0,0,0,0,0,0,0,1
104.1708,190.476,111.333,10.878,3.996,5.994,7.881,6.327,8.436,6.771,3.663,2.997,3.108,3.108,4.773,6.327,3.33,3.774,3.663,3.108,8.991,1
148.1586,38.073,0,0,0,0,0,0,0,0,0,0,0,0,0,0,0,0,0,0,0,1
176.1241,0,0,143.079,36.075,272.283,239.205,181.263,137.085,124.653,384.726,370.296,227.106,133.533,206.793,189.921,182.595,159.618,67.821,98.457,71.262,1
94.1328,0,0,17.649,2.109,7.77,13.875,8.436,16.761,9.546,2.109,11.1,0.888,0.999,2.997,5.661,3.774,7.437,0.999,2.109,4.884,1
45.0837,5.439,0,593.184,4.44,37.629,190.809,80.142,357.864,69.597,4.662,59.052,0.777,1.11,5.217,17.427,10.989,90.909,1.221,4.44,17.982,1
46.0254,51.726,33.3,82.251,65.823,16.983,30.303,56.61,49.617,98.679,36.63,34.188,56.166,59.496,179.376,97.014,61.827,77.589,116.55,90.798,70.485,1
180.1559,2080.695,1122.099,387.279,368.742,408.036,424.02,59.496,199.356,44.178,163.281,106.338,118.881,128.316,210.678,344.766,131.202,276.39,213.231,121.989,445.554,1
116.0722,102.786,9.546,2.109,2.109,0,0,0,1.776,0,1.554,0,0,0,0,0,0,0,0,2.331,3.108,1
180.1559,67.377,33.855,48.507,29.304,58.941,59.052,42.291,23.976,29.526,97.014,82.14,46.176,33.966,53.391,50.394,85.692,42.069,32.523,34.743,36.963,1
170.1195,0,0,6.438,7.77,5.55,4.884,4.107,8.769,7.437,9.102,3.108,8.769,9.657,9.435,18.426,6.216,7.437,5.328,6.327,14.874,1
180.1559,2220.444,518.259,466.089,497.391,367.854,570.651,102.786,196.692,143.634,192.474,158.397,118.548,101.232,363.192,406.593,156.843,437.673,427.017,220.335,750.693,1
146.1445,67.266,0,0,31.413,0,0,0,12.765,0,16.539,18.093,0,0,21.645,22.089,12.654,19.647,31.635,24.309,46.287,1
92.0938,341.436,94.239,502.053,104.451,94.017,195.582,66.6,337.44,143.301,62.16,88.245,73.482,50.727,104.562,124.764,87.579,170.274,90.465,83.028,146.187,1
131.1729,127.428,37.518,3.108,3.885,0,0,0,2.664,2.664,2.331,2.775,2.664,1.665,4.773,3.219,1.776,2.22,2.664,1.665,6.105,1
90.0779,0,0,5.439,4.107,0,2.886,3.33,4.44,6.66,2.997,4.773,5.772,2.886,8.769,7.326,6.105,2.997,6.105,5.439,3.552,1
131.1729,172.605,52.836,4.44,4.218,0,0,0,4.995,7.548,0,2.886,0,0,4.662,4.44,3.108,2.442,2.442,0,4.329,1
182.1718,0,0,66.378,41.403,108.003,136.641,85.359,147.408,112.665,98.013,141.747,11.988,44.622,109.335,91.686,96.126,142.524,71.262,52.503,117.549,1
32.0419,61.272,40.959,9.546,10.212,10.323,10.323,9.213,14.652,15.984,17.76,10.101,11.433,6.438,24.309,22.755,9.879,13.986,15.762,15.096,55.833,1
146.2074,5.55,4.884,2.553,2.997,2.553,1.11,2.109,1.665,1.332,3.441,2.664,2.331,1.332,2.997,4.995,2.664,1.443,1.665,0.999,1.998,1
184.1507,6.327,5.106,14.874,7.326,4.107,7.77,15.318,18.315,15.54,9.435,6.771,16.095,10.545,19.98,9.324,5.772,5.217,7.881,8.214,8.103,1
165.1891,128.871,0,0,0,0,0,0,0,0,0,0,0,0,0,0,0,0,0,0,0,1
115.1305,196.581,0,0,0,0,0,0,0,0,0,0,0,0,0,0,0,0,0,0,0,1
74.0785,12.543,0,4.773,3.885,4.995,2.22,1.887,4.551,2.442,10.212,3.108,4.662,5.217,3.885,8.991,3.996,3.774,2.664,3.108,5.772,1
154.1201,0,0,17.427,11.988,16.65,11.211,10.545,20.202,11.655,19.869,10.656,18.426,18.537,19.536,22.755,8.658,12.543,12.321,20.535,19.98,1
129.114,64.38,0,0,9.102,0,0,0,0,0,14.541,10.767,0,0,14.208,12.987,0,0,13.209,0,15.54,1
88.0621,0,0,5.439,3.996,5.883,4.551,6.216,5.439,2.997,7.548,8.769,6.327,4.44,6.327,4.218,5.439,4.884,1.998,2.553,2.553,1
108.0948,7.659,0,0,0,13.875,15.762,15.762,7.881,4.44,0,0,9.324,14.874,7.215,6.993,13.209,0,8.103,0,18.426,1
342.2965,698.523,180.486,100.344,65.157,208.68,68.598,29.637,54.39,16.65,209.235,84.693,49.173,75.147,28.083,114.885,49.173,52.503,13.764,0,13.875,1
119.1192,108.003,21.312,5.328,4.773,0,2.109,0,3.774,3.219,4.551,3.774,2.553,2.22,4.662,10.545,4.773,2.886,4.218,3.33,5.883,1
342.2965,0.111,0,45.732,49.395,50.838,76.368,58.053,64.713,48.063,69.708,125.541,20.313,31.302,30.858,40.626,86.469,18.093,25.752,7.326,24.642,1
137.136,47.73,23.088,0,0,0,0,0,0,0,0,0,0,0,0,0,0,0,0,0,0,1
204.2252,61.716,20.646,0,0,0,0,0,0,0,0,0,0,0,0,0,0,0,0,0,0,1
181.1885,74.592,0,0,0,1.221,0,0,0,0,0,0,0,0,0,0,0,0,0,0,0,1
244.2014,145.41,24.42,4.884,0,0,0,0,1.887,3.885,0,0,0,0,0,0,0,2.442,0,0,2.331,1
117.1463,142.968,36.852,3.885,5.772,1.887,2.553,0,3.774,4.107,3.996,3.885,3.108,2.109,6.216,4.329,2.775,3.33,4.107,3.885,7.437,1
