"","PNC","PNE","I_Palsa_E2","III_Palsa_N1","I_Palsa_C1","I_Palsa_C2","I_Palsa_E1","I_Palsa_N1","I_Palsa_N2","II_Palsa_C1","II_Palsa_C2","II_Palsa_E1","II_Palsa_E2","II_Palsa_N1","II_Palsa_N2","III_Palsa_C1","III_Palsa_C2","III_Palsa_E1","III_Palsa_E2","III_Palsa_N2"
"Feature0249",25.4370537804049,23.8079432730918,0,0,0,0,0,0,0,0,0,0,0,0,0,0,0,0,0,0
"Feature0248",25.3287988705782,24.2542823210978,0,0,0,0,0,0,0,0,0,0,0,0,0,0,0,0,0,0
"Feature0247",25.2691410636161,24.84891546727,21.5182874067715,16.6893758281348,0,0,0,0,0,0,0,0,0,0,0,0,0,0,0,0
"Feature0246",0,0,25.5083833769167,22.4694564495368,22.1774180899908,21.6813826621259,24.2510871264633,23.6939875745506,23.2444640024711,24.5681097320098,26.422123213404,24.4496944403855,24.8441190844095,26.2194512751605,24.2258435273852,26.3509613398203,23.0623145291145,20.5363144725476,25.4555453368578,22.9802269886799
"Feature0245",26.160901868299,25.9819018427981,19.6106384078995,0,14.9667251585083,0,0,18.7616398210081,20.7971997067512,15.5348381672395,0,0,0,0,0,0,0,0,0,0
"Feature0244",27.373564402739,28.1430835804425,21.77055214422,0,14.9667251585083,0,17.6949069443713,20.1675282693148,22.2846154334786,0,0,0,0,0,0,0,0,0,0,0
"Feature0243",15.9727081453149,0,20.0149353759411,23.9565720279161,19.3801624170919,19.73848087976,20.0210547175866,20.0041239114465,0,24.1125492215613,22.0283743856941,23.8634844785274,24.0857964035604,24.8779302298026,21.6162676073459,24.6135151729727,21.1191682589908,24.4690788321621,24.4626684330779,24.5220624989646
"Feature0242",25.4796161286192,26.5097663978965,22.9689193848756,15.8975821825652,0,14.9054535978819,21.3791326854119,19.8260674572874,20.4376845342215,15.193444513485,14.718888415618,18.5168993619408,16.5634007191564,17.7816741648366,16.6701688892254,0,0,0,0,16.3138596006234
"Feature0241",23.6501658188915,0,22.9689193848756,0,0,0,0,0,0,0,0,0,0,0,0,0,0,0,0,0
"Feature0240",0,0,0,26.6679687062982,0,17.3771494816678,0,15.5708314964561,0,22.4659191745638,0,0,0,20.1292902369952,26.4391626957627,18.4102240403185,0,18.2888820652914,24.837574375083,18.3886376297271
"Feature0239",27.0873358268323,27.4699325834591,25.6615556591039,18.2863363907319,16.3772996556246,17.0883714264546,24.1811780436935,22.1879049961986,0,16.7625215553441,16.8186266695048,22.0725562953716,20.8534848850553,18.9712317904012,19.2475403077117,15.6962546428182,0,16.6856899964185,18.9121862855441,18.1189399923048
"Feature0238",0,0,26.5367430034377,26.380740691405,25.5987453537706,26.0412400272523,27.1291911270337,26.4857300531269,25.7187661774049,26.2226002788699,27.0131255355857,27.529100049938,26.3874969886561,28.2931130976827,27.2276002627002,28.2414496712165,25.9984387071654,28.221094522784,26.6521017595435,27.5235561271999
"Feature0237",0,0,27.2191296367101,25.8503270089484,25.4471420936353,25.8081690298029,27.6452633476887,26.3716322718144,27.0326015576193,25.5425686742151,26.4352392577847,27.0503244342596,25.8202805329284,26.7978186213537,26.2831299620696,27.7925353147889,26.4132051811316,27.5183445708888,26.7040737765464,25.9060790456645
"Feature0236",25.0828247991979,20.1955938859034,0,0,0,0,0,0,0,0,0,0,0,0,0,0,0,0,0,0
"Feature0235",19.90653171038,0,23.9944554386044,23.8724777519552,22.9172413275819,23.2989385282202,24.2450399504727,23.6583559997138,22.904187696802,24.0328110756937,24.3621396508993,24.7355222516517,24.2802329612768,25.4919727957456,24.2569050294313,25.3226023555486,23.0673571700417,25.1254104214466,23.6999411967541,24.833105907447
"Feature0234",25.5756299731406,23.1682183127267,0,15.0659771683906,0,0,0,0,0,0,0,0,0,0,0,0,0,0,0,0
"Feature0233",25.4441556014759,23.3208217693167,0,0,0,0,0,0,0,0,0,0,0,0,0,0,0,0,0,0
"Feature0232",0,0,0,22.3826496341704,0,20.8050348525704,0,16.1042185717075,0,19.4213348049391,16.4189526391045,19.6311151826648,19.5517208385836,21.6303206132041,22.8811444189629,0,20.567705799292,23.1488004202042,21.1276614510826,24.8961346472164
"Feature0231",19.8876051345102,17.2343875224417,0,22.605573077199,15.6492052515423,24.7648158579204,0,16.4621162249471,0,18.1799410125573,20.2850739194453,20.7941300353152,19.0782205564854,22.0725583392901,22.6033484789432,0,23.4876172338915,22.8438086122628,24.3499627291622,24.6340609605987
"Feature0230",21.0902462907996,20.6746387319702,0,23.3921768353786,18.2987496142275,26.579769286083,0,0,17.0947262112846,17.518323545243,0,17.9719466547022,18.0696173378784,20.5884204688242,23.781281542921,0,18.9471889879364,23.6924434675053,19.5515191149371,24.8692999519396
"Feature0229",0,0,0,23.9553396099095,16.3809301744094,15.1718432179805,0,0,0,20.5521860407227,0,0,0,18.2898469239576,15.780472658293,0,18.3417328404259,0,17.6009930908153,23.9980385098855
"Feature0228",21.7788620178008,21.9550757549563,19.7356833495996,19.3324770991653,20.4570710714361,26.3079797260208,0,18.9170573087004,17.161349923807,23.4764329184427,20.6622837321588,21.6854926488212,21.3581860325809,23.510375566391,26.1369545032115,20.3149894729163,17.451330994232,24.6345627255907,21.7930672039492,25.3110232302318
"Feature0227",18.6564060106996,18.1889735882657,19.7527685086588,27.2415449571005,17.5395522797001,25.1305694716772,17.3215217018965,20.2309916284963,18.2401728919791,24.0194464586048,21.3151606595644,19.6787184584685,21.2245968936386,23.3124842298296,27.120983524812,20.6376979378391,20.7661336077049,23.1682940179797,20.816414139019,24.1206061474315
"Feature0226",19.5861918949123,18.4494314194337,22.1111957273307,24.8510868692443,24.4868432623261,23.126920658604,22.4116805344856,24.2160573643237,24.6326594930472,24.591233833777,25.0919275399728,24.7160259192757,24.8081734482013,24.4055169346166,24.7768224396248,24.2385478444363,26.6557561139338,24.1118747691695,26.1829888882474,25.2869015997476
"Feature0225",24.133695476273,18.7572002384445,0,0,0,0,0,0,0,0,0,0,0,0,0,0,0,0,0,0
"Feature0224",26.4417307377179,26.6068290814985,23.4896432833893,16.9537830865459,23.661697049304,22.7825679989709,21.9462696866729,20.6568903194403,21.2484872323394,14.843421309179,16.2498529221489,19.3957239784277,18.4429997291547,18.6863291107633,17.4150779952687,15.2972994862612,14.3312663111032,13.1814878670892,0,17.1861330396048
"Feature0223",0,0,23.1276404679035,24.7694145853239,25.3471949602029,27.7984945805721,23.7355386761127,20.3009825410896,16.8400279702232,22.790161582886,17.139388035986,26.4469185639188,24.627896450979,26.1451374222647,25.8447466619194,23.6407924294276,23.6405746058038,26.7272632145038,24.9593445818587,24.4467236052664
"Feature0222",16.18423302889,0,24.6797855431214,26.2954839715714,26.9035050797833,29.3007628752959,25.2598342353617,22.8212251194611,20.6453241761428,24.261506709565,18.7927867352529,27.9024172665051,26.088314129169,27.2002824201109,27.3147817746403,24.881079515457,24.3680357080591,28.2161788838727,26.4302746147567,28.0893406638694
"Feature0221",17.5819067305594,0,0,22.3211951405277,24.9590180744022,21.7672114818061,18.0769446004019,23.7031151108382,25.2156239370194,19.1993798654078,19.8414195107786,20.5977829763137,23.4260787314376,19.7189817625631,20.2531351402672,22.2711643856631,26.6099321661614,14.3764232286635,19.0634052689482,22.4385191395222
"Feature0220",24.7650335085285,23.856326123135,20.0660465717121,0,0,0,0,15.3569823240241,0,0,17.362790490913,0,0,0,14.6157724980736,16.9521046450996,16.4230540094901,15.3372808613938,17.1800627402496,15.3828117295441
"Feature0219",24.4348902449511,24.1853367132892,20.246828877032,15.2687823492429,0,0,18.4416359365754,18.3100855816755,20.3029848302335,0,15.6520446314345,16.1991546295282,15.2784734834247,0,18.0180598778096,16.4079074457052,15.1962842646909,15.8523121045545,15.4840543317766,15.756229345655
"Feature0218",0,0,20.0156418960895,21.9614569493038,19.2069172718506,19.5268550206624,20.9498708868808,20.6993921431152,19.3777525704176,22.007140080402,22.7196765459468,21.9115189463131,21.5345118048058,24.1214359421739,25.4144904485322,23.8983212249181,20.6213712593713,23.693757558781,21.3980768425554,23.3677506538283
"Feature0217",0,0,16.5125519946706,23.7247385280969,16.5167064971783,17.0566907983523,0,16.8187898155469,0,25.3181183614376,17.3740753135615,16.2428221928399,18.6508166606466,20.12787172227,23.5234621875315,18.5247113891002,15.3979646450515,19.5672326702239,23.7015826512979,24.5881278707816
"Feature0216",16.1977342292448,0,23.3043139477348,27.7480528621749,30.4435375397276,26.4385171113354,23.237688375312,30.4381033816199,25.9954344319516,23.045921189172,25.427997910978,24.637495736988,30.4401623661952,24.0083083143919,25.5006197500108,26.4549211427966,29.7629285194666,21.4212617428524,23.2690044634759,27.8840674914777
"Feature0215",0,0,25.3441396258839,24.4701018004174,24.0741373069315,24.5949758535736,25.8799008390566,24.770053525776,25.1552498819551,24.5238334289478,25.2820332598987,25.5886187988648,24.5091731633363,25.5923418168118,25.4361712361394,26.4370804002239,25.0336347579601,26.0077464256863,25.2372458102159,25.0407397906405
"Feature0214",19.1909099530809,0,26.0745729768308,24.888086621206,24.9043231879634,25.2739173069419,26.736495503121,25.4672906118875,25.8426691961396,24.7708135448715,26.1880093870049,26.3872206337488,25.3402366437826,26.4865369586093,25.9541891179291,27.1863253601909,25.7536523418324,26.7078299218517,25.4602471066285,25.1646355334422
"Feature0213",18.679181788363,0,18.2728108049104,24.0733937077125,15.355086586145,17.5336891948472,0,16.964086536314,16.6832286969513,24.2147959900701,16.6590277173688,19.0640744299771,18.292464813502,19.3275245722398,25.0580837385631,16.893749226184,18.9171999673935,20.0449919698702,22.3116763855039,23.5500411819356
"Feature0212",16.7777290343058,0,22.3888241068977,23.5564611814982,23.147392580607,20.8047254441998,22.6810938865079,22.9491395020256,21.7565706308011,23.2913588023106,23.9260958953769,24.324063064542,23.4182405143583,24.4154014673374,24.1080205405671,23.5478101405395,23.5653788135207,23.8523247889686,26.2781768951959,24.387139639118
"Feature0211",25.6674509105316,25.2844313606437,18.2368471169463,21.8727378478249,17.938114782114,19.5669628979996,0,18.9829012962613,18.0091930367131,20.6175222308691,19.1387301499878,17.6818204438333,17.9678176237657,20.2614107887295,21.8876127404375,19.9395405010189,18.7861125072717,20.558533580629,20.7161199902994,21.932831933461
"Feature0210",0,21.4247754664401,17.5224545776087,23.5741246846617,17.4281433670657,17.9900462448216,19.8687935726777,16.1317252433392,18.2950462465719,23.554152624738,19.8362537967821,20.034149724557,18.4313312609196,20.47681604393,21.6605373563835,20.6894332023266,19.2154047290992,21.0392629316679,23.7294506499563,24.6277970964261
"Feature0209",25.1984692822942,22.762610439002,0,0,19.9744424014585,0,0,16.5773135743016,0,16.9093408861064,0,0,17.147911899223,0,0,0,16.0017820466829,0,0,0
"Feature0208",16.0960467807031,0,18.9520661274113,24.2023831544232,19.0252666934325,18.8582865907199,18.481915172693,18.5990621044159,0,26.6961106309775,20.3492047576769,21.577576568053,18.6398275135339,22.2044212632531,21.7143581527459,20.799309184332,19.6699685260773,21.9727652690836,24.4764326922347,25.3765476767233
"Feature0207",15.8195915419124,0,23.7080831550424,27.2686963199886,22.4116217626201,22.910600684417,24.7083614663942,23.0338819472645,23.2864270525721,28.9858257733216,24.8241503829123,24.8865556033522,23.5201688067091,25.1931290783208,26.3362561686629,25.628002903563,24.1319029912064,24.9879972709305,26.941343054712,27.7324437275997
"Feature0206",23.7018939446983,0,25.6632619218592,25.3361590774878,24.8756798775434,24.8315822568997,27.0312121231301,25.8398311355672,25.6554255878223,25.197459790894,25.8409113836743,26.928975697944,25.8140784506229,26.0910554467986,26.2111674814405,26.3108861928548,26.2012758107069,26.6507534416207,25.6144394562483,24.3281739148022
"Feature0205",24.1134159115476,0,24.8196046016094,22.5420369247499,17.4458693488786,20.0234749098437,24.8889891888365,23.6869700889237,24.8019025724298,24.213652970836,24.5158082918179,25.6280768398623,24.0262904696402,25.179141014008,24.2794426891911,26.183902165558,24.4322125882486,21.1125359683357,24.4595086178167,23.8037473448891
"Feature0204",21.2454423915107,20.896574302468,19.6901957306586,23.9444429390087,19.8429076470372,19.9414816591628,20.5620443494439,0,20.3481869786619,25.2925783008553,21.0056939791652,21.7344844718529,20.1327412572717,21.4937024243235,23.611530636328,21.7905291806748,20.1217601370359,21.7706791551467,23.4590345340209,24.5467081429215
"Feature0203",0,0,22.9190353692963,22.0875126788085,25.4219615400895,23.0829861547381,23.3864157409784,24.8014287616233,24.7662648726498,22.044143366388,22.0587087460318,22.989005970666,22.2110936068697,21.751079952686,21.3504659663527,19.8330782497225,25.1385057724129,22.0471473160351,23.3232708036532,22.8912520273889
"Feature0202",0,0,25.6838024753251,24.2032808347255,23.9168619071232,25.0448293707514,26.5243263011015,27.511811456208,28.7322445628399,23.744835575095,26.2144562603004,25.5409675863408,25.8096399151118,24.6436426658706,23.6590694634434,25.4847853037984,27.2898138287397,23.676017674057,24.4120118478216,25.3728957665343
"Feature0201",15.2913155417737,0,23.5182034519344,23.1670625807884,26.942301262327,23.1715377760827,23.7000938002551,25.2819308273714,27.5668030434762,22.8723312794367,24.343285730889,23.8557280326618,23.87774693961,23.1398534010054,22.3788639996507,24.0923501432964,26.2829130259135,21.7397253225662,23.219739987275,23.6996300127339
"Feature0200",0,0,25.572511788667,0,27.6054417312833,24.9911168516338,26.6181217368057,27.5239114207148,28.6867037157083,24.6583957720181,26.3587561885377,0,25.8789287002083,24.6591867855494,0,0,27.7951846643935,23.8158268544311,0,25.4025549187542
"Feature0199",24.8096957793965,21.1409732587588,0,0,0,0,0,0,17.1400591940324,0,0,0,0,0,0,0,0,0,0,0
"Feature0198",24.4240832889198,26.7436337165145,21.7787021813381,17.4504192484402,17.5224039628837,17.6967756645146,20.980117981103,20.4390612486812,20.7651936800174,17.5398288000737,18.8294560399863,20.0737569560092,17.5160308363139,19.6833078936429,18.4977658171388,16.7923874517528,17.2466812185118,0,0,16.2825103380956
"Feature0193",0,0,22.3258641868213,22.6772449015347,24.3981593609743,23.0128629406884,22.5298260337192,23.2227516040046,23.8479312946607,22.1196531131234,23.2452129925866,24.6611081300024,23.2325766135416,24.0878370169035,23.6672059703758,23.4588803823946,23.4120691972006,25.5925390470419,23.7054334953366,25.2284889178138
"Feature0192",0,0,18.9903925853827,21.6582628497356,21.3107086550323,21.8995720664078,20.5199852065186,19.2826334294041,22.625105855039,20.7928135935071,17.6781656498446,23.0164493331784,19.0230165483986,22.8390641814051,22.7631605062042,20.0757685235114,20.4178925036789,24.219383611791,22.4522035869114,24.4903405683684
"Feature0191",19.5720129323325,0,23.6774416282705,24.3885840025739,28.2296567908116,24.2834494323141,23.9213723638122,26.0755834765951,28.8427711978972,24.2132065265306,23.9965553027857,24.0061797209559,24.1899165944017,19.5580516015779,23.2333623122245,25.0965388948804,26.9936890983057,22.9856941897713,23.6242567909652,25.0673641460304
"Feature0190",25.2555482704812,24.7986130410717,19.1077405859428,14.0369248022716,15.2080023135271,16.0585285669428,0,16.1462369072606,17.9379798940822,0,17.4238450727005,0,15.213181745466,0,15.1571372480228,0,0,16.2419693367332,14.8445379138176,18.2789917787245
"Feature0189",29.1761778723703,28.9578310522546,27.8620730382749,20.7900342266394,17.3358819656555,17.503429564853,22.1717372676253,19.8462327875089,18.8507178565009,18.3128998599579,19.6200104005737,19.3651248063819,18.6069416349208,19.298268205514,20.5984872513722,19.8461983137335,19.9407663305929,19.9972603756771,18.768962383745,19.4724874172313
"Feature0188",17.1304103965293,24.5836958232213,20.015866461743,14.3804617463245,0,0,0,20.8274153201173,22.361621434016,16.5544315792589,0,0,0,16.7804584090527,15.8029851344534,0,0,0,0,0
"Feature0187",16.4282980557239,19.7161424113303,19.9336547667734,23.9935323304707,21.080357532395,19.7875595836159,19.909757710338,19.7464176245679,16.8681031096781,18.3911712459416,22.1425585023188,17.0027710312935,16.1577328887088,17.3601875541855,21.6525586067088,18.601634741155,20.8086581012441,20.2811757435183,17.0904175537732,16.159123115868
"Feature0186",27.3763382301742,25.3692612969794,23.3140249404981,17.5987591212985,0,0,21.9918939926441,22.7438303925516,24.357759393418,17.2915854613809,0,0,0,19.1748513295108,19.5261320835709,0,0,15.0415328912391,0,18.1120823585739
"Feature0185",25.34274105844,25.5215185381213,22.1858624355012,18.2993769519661,18.1264374392666,18.3822808799937,20.4581418241769,20.5729970085925,19.4832544206013,19.254621921251,18.453814993571,19.5811845790257,18.4334023538527,18.9065636201871,18.5733585073658,17.6441984337978,18.0176946084778,14.0894297427956,16.8234166409883,18.3993965900504
"Feature0184",20.1884296270377,0,18.0119338527925,18.6213332202476,16.0290199082968,20.8389423804654,17.0237102289815,15.1468937997213,27.8503880020108,19.0411103700594,15.2027671872736,18.0886354647847,15.3228302544393,16.3629483295105,18.857319668458,17.8508001629902,14.5540916305995,19.2614646711468,19.0867436296812,20.3090552761221
"Feature0181",18.0578468921034,0,20.103223798047,22.2004192301954,21.3520630202312,22.2804064548726,21.0251289840372,19.8455218341903,19.4012611812343,22.1090495164045,19.3209274729301,23.9119915502198,21.8268988208623,23.8966942525582,23.7472644315523,21.9835694045186,22.0654358010669,25.4429896991224,22.7877258730028,25.070982907309
"Feature0180",19.2452297018231,0,22.8067154483179,23.9229764637389,21.5523019892091,24.1503100331484,21.5590281231423,20.0870209124482,18.6261836204557,22.4345952381203,20.5416464099228,25.9506116503804,24.0083889190576,25.2484642105211,25.3844705835181,22.8421892702907,23.4864985521214,26.6757409166386,24.8074702346183,26.7066966722758
"Feature0179",18.3366962096784,0,24.4597626128314,24.8103147254158,25.6879037572898,23.1677443146314,25.2324727672,26.4509036987544,25.808267996983,23.9241613613303,24.077034285391,24.7869223463629,25.4016883692041,20.3153454347535,23.7931969739296,25.1801263722104,25.3834681871862,24.2162855953183,24.8887826112613,24.8947183563587
"Feature0178",15.6470401396892,0,24.6941352483573,25.1558535778782,26.3323320574434,23.1916692303814,25.5036689743891,27.6933563150832,26.5544252531119,23.4017060459539,23.8661650761071,24.6593498666313,26.1749601008795,23.0792857469946,23.9619682722917,25.1390796579024,26.0210140983148,23.8235165531846,26.6391556803761,25.7019557366479
"Feature0177",0,0,24.3438083102163,24.4423094759564,25.7655571249952,22.9882568849496,25.1001188453228,27.6566735492252,26.4566293356291,23.3146883618378,23.3895894832215,24.1873478609683,25.9362950972011,23.6578566136279,23.6005025584086,25.249807896366,26.1735447197853,23.8084654688901,26.9213681081584,25.0365768432279
"Feature0176",0,0,0,0,25.6374500730025,0,0,16.2559635592659,0,19.984449103034,0,0,0,21.1120970892274,21.7863951247398,21.5183032359548,22.2121042155031,20.141733853034,0,0
"Feature0174",0,0,21.0629664148082,22.2829065805286,23.2686828165609,26.4091895701687,0,18.781004427386,0,20.4468860800846,18.2805133961897,24.564729784689,22.2376445593038,23.6968025662955,23.587698972348,21.7500517373074,20.1881851249084,26.3159519763225,23.3952521079336,25.5702294732948
"Feature0173",24.6938815221059,22.236526880658,19.6089519997291,25.4694687920373,25.6600498522011,25.6894257343522,17.576925665154,25.5171536937593,22.0636070637177,22.0338315525194,24.1990762327326,24.5466626291043,26.6414228233321,23.6260350008439,24.4117861353388,23.1124775878236,27.5690729149719,23.1516916314883,24.0014102608748,26.2716252516401
"Feature0171",24.0409671417719,23.9262670724421,22.3113516847858,17.6167815114614,15.7232557323253,0,0,18.723851858628,19.440973556321,0,15.6965358796475,0,0,17.7594969858395,17.5251886552233,19.8259106503954,17.5789267810148,18.215630652316,16.6637928565928,17.2370237161387
"Feature0170",25.2939430552213,24.037956679637,18.7218314256329,18.3341146951197,0,18.7895373881611,0,0,18.3466473273505,0,0,16.8409269287278,0,18.4783560950208,15.4793604717717,0,16.2148198789089,21.84903708066,18.7262957773609,19.7027973080886
"Feature0169",23.6728747594638,24.6742989960649,20.4758188697352,15.3786491653452,14.1860297055256,0,0,18.9448021093643,18.3355506254465,0,14.7538848210963,15.813030901742,0,18.3316968271226,15.8521277294348,15.7300844614135,15.7992669872207,0,0,15.6282218225217
"Feature0168",15.8105555017997,0,23.6013125674586,16.5519552997008,27.7364525354135,23.5434702895643,23.9134662532702,26.4760605550127,26.5004866163103,23.2942582539375,24.0419418412359,24.3206764779286,26.9303542968949,23.3230984867508,22.9501197401861,25.2553293515642,27.0975879539481,22.8304613731365,24.7654855921924,24.6949801891167
"Feature0167",20.7128610698634,0,23.9823242635498,22.5680885393546,24.2403304595973,22.5574209606941,24.3520190445856,25.2711237995681,23.866086457958,22.4482665644607,23.8302586955395,23.3993331406968,23.7642308222676,22.6488590187861,22.0274574146093,23.2059396411473,24.3957377563764,22.6099825559104,23.3226330956336,23.321691860797
"Feature0166",15.1178785030742,0,20.107798371591,24.5395030059256,19.3041576548788,22.5929850920927,19.837309060549,19.6016666493178,21.0784677851434,21.0745887655934,20.3214469418283,16.6838261537869,18.0990248512765,19.401349939874,23.3492713771039,18.6834623053988,18.5668280950876,15.1550795700428,16.2381468014161,19.4533805131562
"Feature0165",26.4011800223233,26.8230915874746,21.5339832598008,20.356208719482,22.7978642760434,17.5187975262244,18.3917602950708,22.6223139698693,22.6400896491824,20.5845143745018,16.4703030298638,19.5011592329096,22.1828713805953,19.8050318007268,19.35970673528,17.6760775060477,21.6748148080052,20.3192062868952,18.2302995004803,20.5996010941237
"Feature0164",24.893911300423,18.8218197489707,20.4050602194778,15.1754940083707,21.3757226472147,19.3495327656638,20.4170415947257,19.1331097433572,19.4025408139233,18.9222156545574,19.6487125797784,19.720720533881,18.3663548894451,18.2578550954074,18.9558192025182,21.4390683928528,20.4831049717663,19.1564517576147,17.6052357516574,18.6922728083241
"Feature0163",25.565959837777,24.4808069448377,0,0,0,0,0,0,0,0,0,0,0,0,0,0,0,0,0,0
"Feature0162",23.5577185314143,22.4974823905564,17.3641961057174,0,0,0,0,0,0,0,0,0,0,0,0,0,0,0,15.2138469803123,0
"Feature0161",23.591829978349,23.478277283873,0,0,0,0,0,0,0,0,0,0,0,0,0,0,0,0,0,0
"Feature0160",25.8264210714946,25.0328057447452,22.5178743113136,23.8860838891815,20.8488478406592,23.4191713773938,18.7661570655864,19.6626693468863,22.1734696359202,19.3891649498631,16.4824591185764,19.272516049677,15.61062560746,0,22.8767410703032,0,0,0,0,0
"Feature0159",23.6381105680302,25.0328057447452,0,23.8860838891815,0,0,0,19.6626693468863,22.1734696359202,19.3891649498631,0,0,15.5041092059027,0,22.8767410703032,0,0,0,0,0
"Feature0158",26.1733576502082,26.3140114646801,0,0,0,0,0,0,0,0,0,0,0,0,0,0,0,0,0,0
"Feature0157",24.9631758654725,23.9518760522957,23.0744300195758,19.8600869299437,0,17.2004423316468,21.7848808484387,22.0833456561613,23.2054814620884,16.701809752181,0,19.9989430786624,19.0346202026496,17.5308091464116,0,17.915974307947,19.843868381526,17.9077630972695,16.2666916545374,19.6545687775989
"Feature0156",28.9893889078628,25.9703105957078,18.1318809018185,21.2293910882376,24.0205071374996,21.3194468809612,17.9324320403281,22.3007457137054,22.2043063467575,22.1497442741028,21.8901126777553,22.0672979491231,21.1216515498662,22.6191616993821,21.7680778282255,19.6481795767564,24.4411734493689,21.3995174796953,15.0858721139904,21.7891635410375
"Feature0155",25.5541862181336,26.9268557335022,21.8577264080383,16.387892608536,17.3307713023428,0,0,21.1714406796727,20.8728440624037,0,17.1988060193483,0,17.2487321488238,0,16.5652247594475,0,17.8106490034004,17.2021324804705,15.5503546916977,18.4631423616872
"Feature0154",24.9631758654725,23.9518760522957,23.0744300195758,19.8600869299437,20.5491552179925,17.2004423316468,21.7848808484387,22.0833456561613,23.2054814620884,16.701809752181,0,0,19.0346202026496,17.2527369816863,0,17.915974307947,19.843868381526,0,0,0
"Feature0153",0,17.6349283261484,27.0805381817382,21.4190722680726,25.5360649307708,26.4463366749249,25.3058519679346,23.0744240632638,20.2701350429721,19.6878842239473,24.6923701972028,24.2835654241406,22.8848716845948,23.977186233111,23.0801549049128,23.7058620097137,22.4909760289861,24.0147991102136,23.3321773905015,24.0820571457408
"Feature0152",20.4594805496453,15.3335117332061,18.4482579095522,19.5316535296597,18.7192104135081,18.7720157522999,22.5079445040124,18.8850734489391,27.2266505515598,19.1249631700842,20.7323310794429,0,19.9731657982042,19.3504242019125,16.3395229713716,21.8319594134576,18.5822261541307,16.1034164823491,18.2954669086111,17.0731097756912
"Feature0151",22.666206474798,21.2339891685818,22.3669267883847,25.5707898404086,21.9918695919051,26.1466044968691,22.7779106122352,22.6534141242931,21.7312620903021,26.2341682869317,22.5045141952824,24.7048966696424,23.2588145572083,23.3159104208821,25.0519372069316,23.4888758429971,22.6831371870086,24.4689444227188,23.7696561106888,26.0366040229763
"Feature0150",25.9735700655725,25.4549099924286,24.9383622825394,21.2396490278749,22.569361585712,21.3875150065406,23.3935695436941,23.6398984404058,23.9640536763379,20.9980463656831,22.6212661347332,22.0909779258865,21.9397218803215,22.3558852588021,21.0145693011792,22.805460190754,22.7617554899408,21.9718955616585,21.1862579603285,21.1137765414588
"Feature0149",19.5945510749226,0,22.5585912464934,26.2006048898805,22.4876438358343,24.8797731877856,22.8837596750247,23.4438632589885,21.7318077966702,25.1067023929592,22.6692633830487,24.6643872045179,23.6149417734719,23.4908610149313,25.4345817851673,23.5785161893682,23.3672228622844,24.5487248591871,27.1325869701883,26.3114426646398
"Feature0148",24.7328137193674,24.8596897454821,24.7877701668053,20.7937391775686,19.4493792998288,21.1746407311185,25.1612569133317,22.8446125250979,24.1019805784818,20.5367653915199,20.6821719728596,20.8887997830264,20.1966806717297,21.6746796014005,20.5261129128447,21.1258697696137,20.1618667937977,21.3503721835521,20.7905146117129,21.0666426994663
"Feature0147",20.3835638835444,15.4546856371023,0,24.8408633008665,18.5590951421184,20.9601850968173,0,14.958854526025,0,21.1320263450748,18.5877598568679,19.880021253868,20.0644919483686,22.3838722704711,24.950984849008,16.9012392014507,19.6249184252261,23.5366035147276,21.9651548041942,24.5600928442236
"Feature0146",17.1180068034774,15.1055757106855,19.9274904196328,24.1939074274587,18.8417334459519,18.7780359164647,19.8858252965684,19.6904930878439,20.1789921655035,26.1113314996522,20.2162023436355,21.4669090724295,20.5529355947292,21.8414581683221,24.1672415312603,20.1896956304319,19.616317888755,21.5803991213088,21.9992660108334,25.3479959805005
"Feature0145",29.6707708399609,30.5634259043441,26.4924594794439,14.0267150616304,19.7271449530075,18.0837488185247,22.7471485936522,22.2748484678291,22.8351603469369,21.0884640762236,20.5273106936501,21.3033196440653,20.492735845483,22.0378100420823,19.9077948157051,20.9232653677861,19.6732777770596,20.7200756827002,20.8496738676141,18.1312466091726
"Feature0144",24.5935544616036,26.7633335644636,19.3845314753765,16.5308153337704,17.3438986761146,17.4516357210266,21.0016130137781,20.0461375909403,20.1089660641808,18.6901284183461,20.041275436258,18.5215136287793,16.626403816288,18.0878879606426,18.4289006445452,17.4912310063012,17.3866349816823,14.3975436414377,15.5823390557547,15.8468659926532
"Feature0143",26.2258462368837,25.6723987920376,22.2438109205334,20.5164177674002,17.6509980236771,15.96396057027,23.4670430252316,22.4291303434311,23.3397453956739,14.6590697422728,15.6981679790632,18.9805865399079,19.7948227770209,22.1966978192055,20.1763224284868,18.9934069770149,17.2315217886533,18.5965350826009,19.3437663828424,18.6012091213328
"Feature0142",26.2431827670174,26.206555178035,24.5400476504154,19.583286198177,16.5886352564431,19.4453165566905,24.7701646431016,23.4274723502682,24.4269025654389,15.7345546763766,18.7529790053374,17.6457464010555,20.1078908223454,20.5993354600445,20.4262386849153,18.6326164912202,15.1278375415902,16.551147852679,16.6831015579068,21.0835518140793
"Feature0141",25.8033915213115,21.722270342207,19.7488285330304,19.6767912294169,20.260217134283,18.6409541283849,0,16.7948564182491,18.0613490680544,19.3030952615806,19.2933839615192,18.0806603038569,19.4514478337153,16.8759128443344,19.2710527190446,18.3692491500998,21.0064316358467,17.538141724404,20.4183317760482,18.6087188296767
"Feature0140",25.7499242873714,22.1118731345746,17.7193636305323,18.1456280767019,19.5580382054403,19.6715736405838,0,17.6831288760815,20.0737791530704,0,18.9001269910231,0,18.0080449384169,0,16.0607102796179,17.489579583315,19.340341915937,17.996412967429,0,18.4006407289199
"Feature0139",24.6483356148971,24.8865966032286,23.644853269645,17.9815900612686,20.24696725209,17.7779779551204,23.7701299470307,21.854986288197,23.0632228010213,18.3117745628205,20.8926809489453,20.6677030109874,19.6561797360451,18.6161342082594,19.7710349576966,17.6721282397207,20.0798665546003,19.9465396201999,17.6044510865034,18.2548138284821
"Feature0138",18.1268061945886,18.735447960284,21.5262608206791,25.8763156015788,20.9797920034377,22.6903782921162,21.1284022316878,21.3162297310609,21.1255019686318,25.2893513682068,24.2019887730258,24.380683255321,24.3510737954655,25.1694352843629,25.7099241782403,24.4981375923704,24.004069258028,25.4056705700213,24.6805177204663,26.2882896758828
"Feature0137",25.2009981570311,22.8019387141118,0,0,0,0,0,0,0,0,0,0,0,0,0,0,0,0,0,0
"Feature0136",0,0,17.340289155902,15.7073100494104,15.5814240608523,19.3561788517732,18.9276476364842,17.0692793853262,29.3631364617039,19.3349765485543,16.9161536387197,16.1114584360692,16.0610903915026,0,15.4346321006298,18.7754975182171,18.5269446373183,15.1311351695746,16.5852440831837,13.8020198311819
"Feature0135",22.139433716855,0,23.8590717610384,26.0463513460195,27.9159640558913,24.9070036524817,23.9961255232674,28.0901247391774,27.1490150053199,24.0233093359019,24.4462842812696,24.0730847032323,26.569020995673,22.6999135644647,25.0329085797666,25.4345528979957,27.9885241624097,21.9561345070302,24.2163756310386,25.8568307487959
"Feature0134",17.6435328156945,0,22.4655366976957,25.1305805439332,19.7999308272419,21.7102659515865,20.9670144885588,21.4519234474685,21.5707844252051,22.8712276328943,21.5560420882843,20.48128820386,20.9952595926348,21.3498006618749,24.4194368669163,21.5943602227931,20.3460374090226,17.449925000059,18.5581851164323,16.6091965829934
"Feature0133",21.5825842886915,19.326003985296,22.9781930536788,25.2580853935351,21.0607970287512,21.9635993404249,23.0451254899449,21.5235838134097,21.9828656760732,25.3836668709144,24.5800878486941,24.5935522018853,24.8635691045633,25.5185518930823,25.0641624833844,24.7630410825187,23.1631884558409,24.3911229684673,26.2861408164921,24.822855555074
"Feature0132",22.1637034382716,23.0935254051341,0,23.6700757426946,20.3093950830586,25.4065600847174,17.0257729166817,20.509486550427,17.5619563643641,21.4336471275897,23.2931872503129,23.5008356724549,21.7290708647769,24.0288973858082,23.8973381960527,19.0767846421113,24.7504099441737,24.2362235631288,25.1781266636098,24.9252291299009
"Feature0130",25.226159011201,23.9914862897709,0,14.3543301896835,0,0,0,16.0166249097011,17.9603873875701,0,0,0,0,0,0,0,0,0,0,16.5555007954054
"Feature0129",23.7799859558854,23.2971919590379,17.3409550861245,25.4230078460144,22.0682181975329,27.1608841050777,17.0257729166817,22.382120816553,19.3797703508167,23.4719740043184,25.1481754490878,25.3574128341089,23.6341247861978,25.8386154284942,25.7005713497129,21.0050781539865,26.5507016187994,26.0202787787766,26.9857847309055,26.7320352529817
"Feature0128",24.6349917475752,24.7685245644337,18.3246962129866,24.3893557125268,17.6997344043389,25.4144045473693,0,18.1001963175297,0,18.2490237281668,15.2623908932163,17.043149970983,16.5564393764682,20.094299747531,24.4264771692343,0,16.1372165252953,22.6375931394166,18.8761477088579,23.254567784214
"Feature0127",26.1088351866415,26.7346867494597,24.6260320147018,16.6410056970359,0,15.3051150526916,25.5451044941324,22.800190134158,24.3161614290209,20.0126405063676,17.8356186856393,20.7990526632928,20.7350018763168,20.055477827559,19.2057288342918,16.2459879022464,16.2825191486994,16.3572749127587,20.6718652537922,16.290792439027
"Feature0126",23.7899793721761,23.0114277116542,22.3647027041614,18.6548228617394,15.0465823361408,15.5082604543275,22.0300354021453,20.6655565458009,21.5315571212819,20.3497647342283,21.345174645426,21.0995514909923,15.6807139159809,19.0426375863026,18.0632290885968,20.6765665564169,19.9621344436832,16.3572749127587,19.2505683375759,19.4659981283993
"Feature0125",26.8045606268716,27.3782630493892,20.087397705165,23.5072527301913,0,19.56779293412,0,17.6406857796277,21.1195439468967,16.4799593802217,0,0,0,18.5558095049922,19.0637734627044,16.3344676083933,0,18.2471942680193,15.2024097186835,14.4694756560806
"Feature0124",22.5285354367647,22.6506920791881,21.2653217854794,24.71610299133,23.756428435399,27.8365580177309,19.4249658816134,21.1660150428184,21.256427954837,23.4578088265481,23.2280064575295,24.6478294818444,23.8114961270345,24.9199611853302,25.3189218202636,22.7175969984652,25.0232120399188,26.1448695075189,24.4637462572609,26.6247326270768
"Feature0123",14.7132280880704,0,22.6232867892121,25.0823071051509,21.5555818788027,20.9283400827286,24.0596078875409,20.7426709971928,22.1818159013563,26.2064698927767,21.733238193506,22.8711937007605,21.6646860718382,20.7132803237406,23.680433989801,21.6888053164441,20.3933311541216,20.7711851653139,23.2083913339875,24.6854412507196
"Feature0122",25.5399402646089,27.4808371467689,22.7411373305194,18.6904395362158,17.0669205270504,16.7913342801067,23.0162033617567,21.3514049402619,22.3755740096482,14.3567274211583,16.5034210291099,21.0803377699819,19.5069300094252,20.2572897640184,19.8670565268638,15.3559562122274,13.9250601196377,14.6573400505271,17.8909733892574,17.2650616700504
"Feature0121",18.0217727143969,15.8063517587395,25.4262653670328,25.2082926886754,24.094741426013,24.4567905719342,26.3873272714385,24.7277751839496,25.9311235028557,25.1645019356206,26.5441565013616,26.8204612064923,25.7059970858653,26.5176542291481,26.181946008761,27.0170819519711,25.3686830620027,26.5452350089719,25.3406954928272,24.3097886251777
"Feature0119",0,0,0,24.280049089357,0,0,0,18.2293766385974,19.6625122863155,18.2548103022354,18.2471505343786,0,14.3934777260752,0,24.5701578692961,18.7312253535745,0,0,18.842542502154,0
"Feature0118",23.9772098279323,24.2322612633303,22.7543732206407,28.2917344533455,23.0716839382365,28.1250811118769,20.4916002684828,22.5624570500878,21.2827975885699,25.4850961824244,23.8361909057138,23.7759157989144,23.7370515410619,25.2798370252791,28.3166128966268,23.1462537380728,23.3349103361913,25.9019634533203,24.0507953277217,26.6492228116873
"Feature0117",24.5327554068673,24.2610787879624,23.111696133643,26.3073522296329,25.5553047393187,29.6502457624627,21.4006286873189,23.1604029569308,23.2964206240559,25.2829349925132,25.1182742311247,26.4631348770588,25.6368584173753,26.7116815024444,27.0394831586559,24.5810814997859,26.8340930149135,27.9263722056411,26.2040675646962,28.3546678590164
"Feature0116",25.9704307528691,25.9718754528434,24.5658643817875,25.0070929885608,23.4013995874346,25.8539816507761,22.6383704995911,23.2175195273233,23.621636857324,24.9968865205549,23.3121665495428,23.9331822396377,23.7117514303179,24.2459314234184,25.1781492663394,22.9177497635098,25.3785060309601,24.8822058036267,25.2039043104902,25.8298812226728
"Feature0115",27.0557866015103,27.1606345930274,25.352587064842,26.1153615451417,0,24.1467998782229,23.356537011375,21.9220989489605,22.9978673401585,23.3697133948098,22.190536913674,21.0619568761816,22.541450428617,22.8901682855363,25.7857248266659,21.9145171047729,21.6029222763481,24.122017236141,21.7998401840517,18.9332046517196
"Feature0114",21.472154619031,13.1200241932941,0,23.624030437648,22.4006291373238,25.5993861667176,0,0,0,18.2493232532712,0,0,19.1403953420043,17.9718245311982,23.4655203810018,18.2997573311556,22.2906541708441,21.0502080639624,19.0020168869661,21.2387011449627
"Feature0113",20.2812628614146,17.8173917146655,25.1050958453712,25.8264264002717,27.5094834107387,24.865582151874,25.8780530644328,26.9570074043107,26.839913327365,25.6206869042721,27.7768142860637,27.1102777057663,27.3146904370264,26.6652741995866,26.0084067163683,26.3684425197511,28.3985731010716,25.4820790892396,27.9348441051236,26.2128468140727
"Feature0112",20.5113409704714,0,22.7753754569101,24.9851644588373,23.0237367536012,22.3971342433878,23.4432252952388,23.6115670288364,23.0236289270209,25.3395480861006,24.7898830962811,24.6360223302204,24.2379356987336,25.1333514316426,24.928574567179,24.5294544356376,24.1289313762798,24.6517535553835,24.7936689901973,25.4872604054006
"Feature0111",18.2622381416585,0,21.4451138770893,24.2043860924533,25.4304931228802,22.0678502943333,20.9862801417425,24.9756368897985,24.1205115652212,21.3897413676067,21.2827802535387,21.4358425509034,25.1244470890847,20.706714427549,23.4545792162496,22.144751725357,25.0886814480705,21.8216879436611,24.583924239945,22.9859289280648
"Feature0110",19.3982701332471,23.178522184364,24.4846735634346,25.8230812335053,23.0590928854316,23.0961150402729,24.4341210323444,22.9403056406543,23.9292309382206,28.8273025964646,24.5280134714332,25.5251956872772,23.8591806492896,26.020674041427,24.8323896712672,24.7803148411506,23.9826965021345,24.8595310069118,28.4658821550271,26.9839573675923
"Feature0109",27.1312194374294,27.9065177032955,27.4682965347539,21.5576604922537,18.1137346728683,18.5074636801781,27.4525700815515,24.8258390278994,25.9677871994037,21.8298288857355,0,23.8001628505964,23.367458969117,22.6670611667791,21.9258371114454,18.602910324825,18.3547190911883,19.4169271312021,20.9568449419794,21.2759749999164
"Feature0108",23.0426567192158,23.9711111782506,19.2034048974739,23.7711125605505,20.1718168159111,22.9322981234351,19.6637048616545,20.7240803187318,22.2530071018228,24.7316659946782,21.0949509878363,21.7581196015268,21.2215305073376,21.7475548907129,22.0627960689252,22.2009508268319,20.6027507468542,21.9026359658075,23.1376081868607,23.5821446835941
"Feature0107",27.3710782011565,26.9600143366057,24.3120860685979,19.1200624605928,18.9656175747019,19.6344498732243,23.4102310558277,21.944525824653,21.8645850799621,20.0534411742002,20.5351223833435,21.1815956235891,20.3239280476644,20.057096567843,19.8352678812847,19.3929452992383,18.7505105556585,18.1895763801266,18.4771942367008,18.7221061005212
"Feature0106",24.8379746023727,24.5062081126873,0,16.8591305515422,0,0,0,17.3342149913643,17.7224006844612,16.3245080490661,0,0,0,0,17.1929478166804,15.8171223235136,0,0,17.1912511569005,17.3682785551044
"Feature0105",22.7653136548173,21.2421989631142,23.7386111120215,27.1522205609814,23.5310336211783,27.5634993744224,24.152131074391,23.7850143278144,23.1474842436564,27.614173418705,23.8571583518981,26.1152065930147,24.6736245158462,24.6121967191621,26.5346574054913,24.8379881080144,24.1465023493686,25.7384683276389,24.8664704476979,27.483393226181
"Feature0104",19.6543376375656,15.8864714873935,24.0466534592655,27.548196517492,23.9715434318335,26.1159356786506,24.6712160128109,24.6867548241832,23.2533936725647,26.5171165432415,24.1817476519535,26.1726698369117,25.1363369182333,24.9056051910554,27.0386310309659,25.0047055068005,24.7694321954502,26.0134817121843,28.6419369895106,27.7781579568433
"Feature0103",26.0158591261555,26.6672133250024,18.9246864037217,19.992260046719,0,15.9405890132681,0,17.8730245277249,20.396999874923,18.3906243872542,0,0,14.8068618606208,0,18.9813510332551,0,16.9100316264438,14.8388687918393,17.3054444359571,15.7057408445395
"Feature0102",18.8023152616616,0,22.3476010709523,24.7716527313343,20.3611582047136,15.4189673535298,23.2660257113837,20.3671247377115,24.9083538697731,25.1008344430915,21.084901711349,22.4209414934503,21.1780273205218,20.4928909060702,21.8525777055255,21.1979144894998,20.4209160144173,19.9853696803389,23.4788126053597,22.460125130117
"Feature0101",24.0395336517039,25.466412136244,24.8152470140391,19.3687617824156,21.388432199112,20.3023103644416,25.1097842271425,19.5528217286555,23.1644751916819,19.6929973228538,16.3827192308859,20.8632883003251,22.0712088293669,19.659400704791,19.7923977656001,19.1677308246382,21.7932710685187,17.714768791553,21.1452847782965,19.2572925470731
"Feature0100",20.797421162013,19.6399226257086,18.5427359024503,25.2175701302157,19.598087778095,19.6805892220288,20.947461203045,18.7382133124838,22.5330054352436,21.8114837003339,20.619213991772,24.5695862198671,19.2836338888806,17.0121594469051,21.3531494892699,19.4322826943249,19.1125972823568,17.6819408928672,19.23997624314,25.0328052700241
"Feature0099",0,0,20.5290914783751,23.9936890074281,19.150393756845,18.7219088704987,22.3339608888743,19.0868481832789,19.91439775292,24.9133443580984,19.7868117337634,21.7160516569221,19.6830120364184,18.4785982097788,21.2634848160939,20.7381583124262,18.7224193106663,20.1463184190597,23.1714565396298,24.3845327319524
"Feature0098",18.3993583260748,0,21.7612615028555,24.6301409831371,21.4036306029262,19.79237116648,22.9797937184683,19.622063591083,20.2763858767359,24.5679588757769,20.3862166312841,23.3761081987903,20.7859001230686,20.3747356692565,20.9009096690968,21.8950501272629,18.7944183495571,19.8909332737428,22.7451846751064,24.171019525934
"Feature0097",24.2660319308517,25.1494496169007,17.7793070563697,18.0606486102663,0,17.5937818742071,17.0708990802625,22.0668069632087,17.4090160666483,18.5303611804189,18.8906643257978,17.960318498253,18.243066992744,17.8420998257116,18.1814672847134,17.2736054154151,17.1249538116816,15.2984081530752,15.0369052848625,17.7535876117826
"Feature0096",19.033343753614,19.6427157728163,21.410640526941,24.0535522454192,20.9168833877984,20.4731590446484,21.9913698692847,21.996588126967,22.5239073923607,23.5055783229296,22.7096217576023,23.526866795469,23.2854029315566,24.4141410627164,23.6211150527663,23.1411764779542,21.3625891927466,22.6533190028536,24.590593433801,24.3368146943956
"Feature0095",21.5977605276375,20.0911867782526,25.7824186390422,28.0521305374688,24.0314187503011,24.693031367748,26.1581690582128,24.7699965924336,24.9822147195096,28.4072810639237,27.1361283144273,27.4740743373077,27.7280273010881,28.3352407502696,28.2050189795802,27.5087391985588,26.0921125045132,27.2679185689525,29.0298290229115,27.7697844278736
"Feature0094",0,0,24.9476594519215,25.8396039323404,23.5113529500643,24.1348532112186,24.8654765426426,24.4788464720243,24.0889156054448,26.8789285286703,24.964754520283,25.5907953251605,25.125780382331,25.8222729624931,25.2491582039993,26.4344316877718,24.9654761133505,25.3951314346841,25.4033498932234,26.2038942013844
"Feature0093",14.7132280880704,0,25.4284188033171,28.042394278294,24.4489814987077,23.6588368450421,26.7819738409087,23.8835806122028,24.262313229909,29.4025354193502,24.3827465954896,25.8433601385731,24.6291524985635,23.8569116278227,26.515515151582,24.2719414128929,23.4582286601504,23.6615092954792,26.2749335193753,27.7061702255424
"Feature0092",25.704042356849,20.4028693634862,0,0,16.94868098492,0,0,16.8134999999934,0,0,0,0,0,0,0,0,17.387662655363,0,0,0
"Feature0091",0,16.1253121410433,21.8898889600493,24.4182897878086,22.70900556294,21.5908425050135,23.0182753774799,21.0940305368984,21.2846938371221,25.3804076837001,22.8811553499194,23.1857841284303,23.3795727775335,23.6165211192177,24.9193357395995,22.9768591778985,23.3155339619973,23.747094575875,25.5611003284582,24.909687008417
"Feature0090",19.084274935047,0,20.152532594678,22.9733997526123,18.8066939501745,17.6150734008111,21.4260854646958,20.0517266132605,23.6234762555889,26.1911521313365,21.634604233086,23.9253352012659,21.9263284486397,24.9212902507181,21.828362875476,23.1679354462617,20.5239395344354,21.9079821955141,25.489349070743,24.9661064886969
"Feature0089",16.5350632825969,14.8633175951579,25.1679151380698,28.6521164385157,22.1394024465322,24.9449945549081,24.4423423147452,24.0824502863199,24.8362854130482,26.8821861845628,24.4340007255182,24.3797065892216,24.3271287292956,25.9861659244492,28.8691908856218,26.2764699259327,23.429763769323,24.947961301753,27.9793594315084,24.2240477859585
"Feature0088",14.1553573480328,14.1753832937052,28.689255980043,25.5989918131817,25.8727266257698,26.8417773978484,28.2109857252726,26.8016853129318,27.2385963633693,27.2989957200308,28.8259735981867,27.6546493885731,27.2386936680093,28.1027255921243,26.7830835810337,28.4363614493232,26.6805182280636,24.8807744172351,27.6768480633854,25.6555893483306
"Feature0087",19.2442606078543,13.8513360429432,23.2331608249783,22.814416809227,25.0787180522881,23.9218268322531,23.7650029082888,25.2900212627973,27.6843795404784,23.3193023277875,22.7327425077244,22.6446321073401,23.7365271157101,21.7558692725657,21.6313062323575,23.4084733945103,25.0286073702165,22.1889041224916,22.9704255765319,23.4231480526462
"Feature0086",16.4418280796823,0,25.2923989060536,21.3493517364013,24.1923906154831,26.3814725102812,23.3735123198743,22.5724924355362,25.4700533123984,22.6925600743733,22.1346318973844,22.1503716949663,22.7607095196741,21.4895849781727,21.7553761386888,24.4577488675342,22.0538385637166,21.8031771722487,21.7087632724699,21.5712132401987
"Feature0085",24.5661296839967,24.2601396048631,23.0092925440673,16.9025616389674,0,16.3045378922656,22.5369195113481,20.1001750705073,21.9867551090607,15.7208255045808,16.4621682354057,15.8821274165889,16.9680262440938,18.3244084529491,18.5664987699798,17.4901911846478,17.5551400938797,20.5490732716901,15.5714594155225,16.6271493845814
"Feature0084",26.428167619598,21.7688993970603,20.6714925306931,19.3878326915802,0,20.4122949239622,0,20.8433477285488,23.8380991449478,16.4742193611641,18.5546266569619,19.8469492599274,19.638507661331,16.9742450876656,19.9726233865386,19.1105848755017,17.670924189988,17.7267368477295,0,19.8524462727725
"Feature0083",21.1572703938781,16.8221406139066,21.1739319568997,18.4720142096098,18.8551960436202,20.086777814993,22.8697142791784,19.817314869693,24.5588614478287,0,16.0160466694864,0,18.6610979607562,18.4507381537985,18.3945343450378,18.9948437064881,20.0791224795247,0,16.6685787291137,17.3452979879266
"Feature0082",24.5587817777772,18.2655237555211,21.5026810003361,16.6951789068405,18.8551960436202,21.3380997236444,22.8697142791784,19.817314869693,24.6493366807397,20.7245517937484,20.1762934680035,19.0809026423778,19.9740877041406,19.6669002749516,15.5481104936933,20.4288232138119,20.197854683201,16.8260784990038,18.9987045883462,15.9539239725713
"Feature0081",17.8866643555509,0,20.2172436189521,22.2480881038652,26.5136730597038,23.6076336159687,20.9657788600923,25.4801366870674,24.0384567367118,21.4320139074461,22.1243101423659,22.4765043929988,26.1103437774126,22.0697316066648,22.6842203858228,23.531972526614,25.8291643497731,21.6072913991918,22.4883345531067,23.0691563705844
"Feature0080",24.5256578984535,17.1251180474989,22.1979490841812,26.2090436778939,19.9584111676078,23.044210105208,20.0572578577418,21.8883101452333,24.2116205340155,24.6096423331367,21.4842150162744,22.4179152409442,21.0855369685697,23.9019939688533,25.0911383520917,23.5166990267454,20.7791701862271,20.3428689128244,21.7305720568458,23.4924925410733
"Feature0079",19.0512277468592,0,23.2647556654385,28.4372200721548,20.2575418547731,25.1344214160622,19.6449571549158,22.0911549767963,24.8972366409375,26.5140118080101,22.0993003586975,21.4906688747381,22.3809170011243,25.1097089360105,27.1478201143363,25.0664491638762,20.4225839619398,20.5175477192759,22.7654918322768,25.4960798642996
"Feature0077",27.1224792386809,27.1505997202572,19.745158267833,17.0407881677913,0,18.6987532882099,20.4256040714342,19.3173522306804,21.7910892152551,21.1139741008635,21.9296312591717,21.4907716899665,14.77130614406,15.6226257755313,17.3568930130702,20.8378142816275,0,0,18.6311070865448,16.3410503436844
"Feature0076",14.517616313744,14.265045347646,25.2044941379735,22.8308029435087,22.9514231223282,26.2892523588721,25.8010524425254,21.5392077244765,23.0880390560629,22.961560037541,22.9334129481014,23.8870361418343,22.6039843439049,23.180577376662,21.9506123808321,26.2068406542737,22.5959710070964,24.2960521661896,23.4737359831922,24.7510333119784
"Feature0075",0,0,24.4425169265415,25.0525935416292,21.7686432596508,22.473620180157,24.6053772631334,22.6123384560898,22.6221065949517,26.5881581466097,24.0289489190753,23.8224337267847,23.0046624951181,22.7828612361226,24.6238097734695,24.0056831668347,21.9802180699769,22.6942291937975,24.9384881204153,25.0652783625234
"Feature0074",24.6981353687638,24.8662722083788,0,15.8251785412088,12.7393133165272,17.0097622371087,18.8946910118543,15.9712411963423,19.6523731215796,15.8637062472382,17.8653295564148,0,0,16.6390710956046,14.019740168014,13.5467969568398,0,0,15.9695293047222,12.659319611163
"Feature0070",21.0795211890082,0,22.0477355150887,26.2328524674803,21.4677033465757,23.3819531280045,24.0870941132156,21.7205070451836,23.6284290533023,24.5264108893386,23.2848308493846,23.3594066333901,23.7307767111672,23.7498535484384,24.8256145368657,24.2019838968237,22.7868265182216,23.3680365784778,23.4400120697743,23.7644873315143
"Feature0069",19.7279271365937,0,23.7096218900034,25.2555524622749,24.9465077812294,23.9733143971408,23.872920402471,24.0699714613293,22.9241473693789,24.3927768695702,24.6328938571199,25.7092549695594,25.0209017521595,25.6863985625696,25.3419602268667,25.9743381701457,24.9269802017495,25.6567050841054,24.8880374890973,24.9998238877262
"Feature0068",19.8149075076852,15.1382279042954,18.9570904816363,27.3968294072615,18.3785969412968,18.299523618444,18.8661421348997,21.5659164562408,18.8338385603334,27.6222357806021,24.5318305794714,17.4020727249295,22.7440149702529,25.3958296057188,28.9472532533326,24.7819348008693,21.4730650789061,19.1876143084779,18.7578039072319,24.6599920617928
"Feature0067",14.7322590328572,0,19.5612597536017,23.1118228552062,18.3785969412968,16.2286686463072,18.8661421348997,19.4567970386058,19.6406513047949,23.9486006211337,21.4450939700318,16.1256766251685,17.7387883638988,22.5370014217323,19.8093227234294,21.2120845366873,17.1143008040552,13.9103039315723,20.0549362555127,22.3359042964098
"Feature0066",15.1700586754342,16.4663760290918,25.8191313532565,22.2162621092679,22.7106187159612,24.5285007807721,25.7410683384708,24.4597103061991,24.2708647788144,24.830588101721,25.9873946998595,24.2676808812843,24.0806611442242,24.5432503917417,23.4177191428322,25.1974406943928,23.5460296209161,22.724209953418,24.6101100828313,23.116575043323
"Feature0065",24.8667035045924,23.8104647584026,24.2023392511471,18.3633016837541,18.8115665262064,20.9476241529593,21.7910939716363,21.0944725188393,22.8534364764538,19.7757611644131,20.6528939938431,19.0226350461791,19.6108569464046,18.4590812357542,20.0166560984676,21.3343363792741,20.0187811308627,20.3769786911224,20.0699370469663,19.2343148661452
"Feature0064",24.8713457049761,25.239841557305,0,16.8577840128633,18.9296058707938,16.5007976118965,18.1331367440439,16.637164032949,0,19.8321506931569,20.9366855731208,17.810795612888,15.6509049528231,16.3799923653753,16.7677285131899,20.1131790591679,15.9908955664508,17.1449938812834,0,17.6753326550084
"Feature0063",13.6731599105745,18.6835066539681,28.3236162953844,24.0025810112086,25.9412949984783,27.2882909569182,27.6885036908508,25.5599570544993,25.1387978417248,25.5271235732764,27.2828079113782,26.613364171069,25.4875453295353,25.6976378544345,25.1541518137398,27.5454104826565,25.6363090361467,25.9314064132931,25.7043333848452,25.1788840995583
"Feature0062",0,0,26.4046905394056,24.7467371170387,22.9117867412067,22.5742334621737,25.6248560791157,23.4850560267647,22.6037110083496,26.3523581189237,24.7685248722817,24.229796659303,23.2983526173893,22.508824113969,24.9272616250288,23.7714526561526,22.6741606403395,22.8806799870991,23.1031344557481,24.8225598353746
"Feature0061",0,0,25.6877025942401,21.4647279583266,24.3729546270424,25.9512058801064,24.8177030088924,22.6645442875081,22.4528518654106,23.1160228115345,24.1905132839601,23.745475275741,22.8978996589508,23.1814843360968,22.4340973945993,25.6044088576248,22.5584358212835,24.0465613838036,23.7590303810521,23.8866462156893
"Feature0060",0,0,22.5916833429633,24.5148217150832,20.4246521983336,19.4622553445996,23.2837137340936,19.9966548334686,19.1410950478336,26.0007619513756,21.7756546847879,22.1195481333879,21.2916006193604,20.1490215639675,23.1545054692248,21.8464132256092,20.2713400430298,19.7251683025119,21.2749344259538,24.565067544999
"Feature0059",25.6525627356168,27.1644458664218,20.3279889878099,17.9106587286386,17.6479871590616,18.2616628636283,20.8842862225808,21.0186546861551,20.3082113758941,18.7709948355971,19.1746994615019,17.8555683610262,18.4393771234431,18.8631917363708,19.0362673150164,17.2388233374783,16.7116040085347,14.0101025767711,12.7914117630938,17.0508914609853
"Feature0058",25.5404891987464,25.9235879498107,18.0632596444694,14.8585836275784,13.8030033282059,0,17.5217780266532,19.1510809973549,18.7706475313598,13.6674334618355,0,0,14.3530746136465,17.0269863873306,17.2663570480686,0,15.0973274288801,0,0,14.2302332356477
"Feature0057",14.9512897610701,0,24.5718748772652,25.0216112050667,24.051768890216,24.4283739625795,25.4650236053161,24.4716977352309,24.0603436124148,25.5449475847072,25.9340671862015,25.2291350681566,24.6347584224085,25.1590061761366,25.9616097793196,25.9602408842173,24.6536316598073,25.0368348880668,22.534204165987,25.8309362809206
"Feature0056",0,0,22.7541506372254,24.883058070568,21.087710779618,22.0578548886139,23.4786559117761,21.8851736896579,22.3517189776492,24.1001533375005,23.0502868018316,23.9889243324655,23.2987051422244,24.022166790204,25.4473574696964,23.1787600867089,21.6744235239146,23.4914806363762,23.3616924043888,26.1192753221256
"Feature0054",18.5842336323522,0,20.9362613592957,24.6763164971796,17.779451627478,20.9846504064442,20.486414796823,19.8593114598919,21.4321881949905,23.1193208120832,20.0884067585994,15.4123042922843,19.4781015635099,21.5845151997827,24.8815447528845,21.2573105636383,19.0142121457958,20.8013970271961,23.9038102103671,20.3277137264677
"Feature0053",14.8865764391206,0,0,25.1228597326461,17.3073581579153,16.4381431574065,0,16.6670190660868,0,17.7653600072656,0,0,0,17.3105942699569,24.1943826751141,17.2452752389438,16.1169352846666,15.8854503049158,14.9431062043786,16.9288919016541
"Feature0052",26.535864215524,21.9782947607628,18.7291719350544,17.2875558735333,14.5947560890745,18.0324760618443,0,20.3090884706631,23.8138496879863,18.4297514523122,17.2255448662903,18.0444318207181,18.9970509605483,17.0677320062396,16.3795719172311,21.3319767718988,14.8177567629223,14.2699791597131,17.9891437182455,15.1112250961234
"Feature0051",25.4198149774264,21.1334109191802,0,14.0377265559725,14.5947560890745,16.113101567914,0,18.4351731513397,19.15307458456,0,0,0,0,16.9447282420629,0,0,0,0,0,16.7098915389915
"Feature0050",18.5204722186621,0,21.3677623102523,24.3702080126994,20.0951332655299,22.581458650005,21.9832819601176,21.5679360229593,19.5258035453339,22.2000398683298,22.383592009565,21.8001744759771,21.7510338626387,22.0117750377695,23.5274349038593,22.6495099833741,21.6375821942404,21.9579931117163,20.7530065875401,21.34483513451
"Feature0049",21.6413862815979,16.5907870157547,20.3049311527214,23.8426038334869,19.0282489462628,20.21547355966,20.4262985171289,19.8104699615635,20.3627475424329,20.288189033508,21.0015106107188,20.4441398544413,20.2306671526463,19.9692323129363,25.2750814482991,19.9171882470968,19.872178564899,20.7430043973303,20.4153822144459,22.0822553142619
"Feature0048",0,23.7228368144336,27.8467909086979,24.2084363503274,26.038480942496,26.4763998502466,27.9377677813166,26.4571785740844,26.7389207588397,26.1628568900955,27.4177750194955,24.5963919421575,26.4879040168559,26.549960196863,22.2126267690883,27.5769720007674,26.4711483988633,25.6882377490282,26.6594390927249,26.7187820653675
"Feature0047",0,0,30.2559243569698,28.6044780621712,28.52262706537,28.9711993565047,30.4661264357363,29.1021567513246,29.3094392807516,28.9235567779838,29.6834667399023,29.945668101406,29.1778443184144,30.1934660551004,29.0251978271974,30.2166908212746,28.9379778533096,30.2785126086539,29.2980262816028,29.2267139810044
"Feature0046",22.5675646023818,24.8465363101574,22.0838475611076,25.2322346398947,24.9718854917779,0,25.5157863684148,23.4607344114907,23.5423731293732,26.0754045034128,24.5203019197848,24.9936585542707,0,16.8403935137224,26.1067836100613,25.6441407865628,25.1782971946162,0,0,26.8082095562352
"Feature0045",0,0,0,0,28.3187725395534,28.7682650049908,0,0,0,0,29.4369180756794,29.9415121312378,0,29.7419218412243,24.9506679377744,0,0,29.8816708908858,29.0468811492843,0
"Feature0044",22.3092322291141,22.2614362946653,25.1970519476068,24.4902762205143,24.2099508948872,24.4125723793993,26.0004858415315,24.3478775233016,25.0054787378835,25.7787688656137,26.3086493571629,25.8375225724743,24.9076002337473,26.4948030213397,25.8066345579485,26.3752241167969,24.9074571519527,26.1498266035938,24.6834130016564,25.0931472209515
"Feature0043",24.1068325923163,19.9403105935667,25.9222697035154,25.5354583397368,25.0236501362439,25.2724504789064,26.8618356645139,25.4048302198894,25.8654561661465,26.2527961860657,27.217613459393,26.4750786526074,25.9446326364251,27.0760560077968,26.3637818870446,26.9797924014161,25.7416019975003,26.9889341711702,25.6281809463787,26.4732344118529
"Feature0042",20.4611968888819,0,23.8516077792893,28.5701994823673,21.2231728335646,25.2565910128381,23.2794817253199,22.1580993366914,25.1398589426447,26.5670743196182,22.1405506716844,22.2649891053626,22.5630018069059,25.1737950135046,27.2172789254298,25.1118749725391,20.9996499222334,21.1895782751685,23.001633364384,25.546420571757
"Feature0041",26.2795603886613,24.171250632138,20.3188805295795,19.4598776654465,19.7165784648402,20.7418430487884,21.5434406117776,19.2783709435699,24.0735023980242,20.9054197846371,21.6906598011361,17.689358875725,19.0252218857582,20.2354140550969,18.5177935568956,21.2233205317611,19.9343048942347,19.257865606607,19.3816266515338,19.5624095533434
"Feature0040",16.5821607914554,0,25.6940039918305,24.2931546349148,23.9712833682561,24.4105560423413,25.8538060676764,24.4657643131924,24.8297502665016,24.7579959817189,25.3799255774195,25.5368903882205,24.9185355034568,25.6355134320472,24.5699378789806,25.2368603049438,24.4240747594869,25.1429976316575,24.4685985918809,24.6431179508824
"Feature0039",19.3109237596115,19.185442631513,28.2588856498715,24.7281463821164,25.183307105051,26.5035723627432,28.0324453001225,26.4211619366166,26.8224397002174,26.8729187119341,27.9418646087575,26.4270108051769,26.1659706915517,25.8726794857248,25.4158139378765,26.7064478004312,26.0619470268035,25.2176487238897,26.5917192263634,25.3336352088358
"Feature0038",19.4337802088547,0,22.5531406706087,25.0322849895852,27.11593708841,24.5097985803044,23.4361908570668,26.0158103079176,23.6118797746195,23.9319238635303,24.537933604053,24.6008844772225,26.7230656809118,23.8260324614609,24.3151506913565,24.9888941390145,25.671544223884,22.9463151108387,24.0364434789479,24.3985232870984
"Feature0037",0,0,23.0607534552855,23.1810775350057,25.9481044998017,25.3401337139759,23.7376323743929,23.5954714836785,23.345106779655,22.7765701435234,23.4731213878289,23.16880992722,23.5007223990503,22.8682743199316,23.3393746978798,23.6173288349843,26.472239100171,23.0533919623016,22.840878807951,23.1900917584083
"Feature0036",27.0075329451228,27.6064736951556,25.4600194617377,18.7241963569026,18.0320547288184,18.9144079846481,25.3010943053971,22.4694283801561,23.9949735184378,18.855069395106,19.8171699935038,19.4433864358635,19.9330415553568,20.9891006725071,20.266058490365,19.1873128338166,17.0115295154936,20.416713146351,18.1594586216107,18.784521237252
"Feature0035",18.8375391659658,20.3288504513989,26.5444094809524,24.8141611178289,24.3399404443302,24.7657648017593,26.2375502337957,25.399460936079,25.4814579142749,25.2806679120274,25.9652465203898,26.5334518503587,25.4168884703344,26.3845586360569,25.1880797262695,26.9209080752653,25.4149236174068,18.5106282660702,25.257374692119,25.4791026429607
"Feature0034",12.7009594141444,0,22.9332121993254,25.0100766825008,26.6873493466797,24.8165267152842,22.8534843101012,27.6747795333989,25.6827427879487,22.1866088784748,23.8039286926102,0,26.4343431230867,22.5575245608023,23.4068732052589,24.7613478990405,26.619757176014,21.3804589391788,25.3809482555516,25.0277080838535
"Feature0033",24.6203684780894,20.9927345287271,16.7405962610156,0,0,0,0,0,0,0,0,0,0,0,0,0,0,19.6425977656449,0,15.2476831541999
"Feature0031",25.0228891827717,25.0253340051636,17.7263446407502,20.1815252069684,16.3977791608901,0,0,18.7179995456442,19.4963403746864,17.863931215389,0,0,0,18.0045782139248,19.7905607306353,0,17.6907483778063,18.9782508799233,18.2274311152788,19.2897196865588
"Feature0030",0,0,21.885236750328,22.9459153459038,20.3355296811039,20.619459302735,22.3475474546327,20.8144978175268,21.1299573827912,23.3542259933312,21.5904575043912,21.6831984692824,21.7484347891641,22.2410505257762,23.9606073640011,22.3619641942078,20.6557253932833,22.1338813908262,22.3229965692565,24.2680443172694
"Feature0028",25.4375959795154,24.7817294015261,22.4745144994963,17.3352744489847,18.4070497737635,21.0051566348002,22.4750628110223,20.4048081804448,21.4614265291783,20.2376616446697,18.9811769163736,20.8563277227181,19.778983439913,17.1333827944026,19.0270108613624,19.1544169326443,18.7670774484694,17.5802480504818,19.2440236674386,14.9712690338888
"Feature0027",24.9871721267497,23.974990598512,21.2847639815162,19.9107211392846,15.1899925224359,0,20.8467713718105,20.5435437415913,21.868996945492,20.4410504756986,0,20.6641158107785,19.0138786973259,19.5125620655419,20.0185980098597,21.7424605604724,17.5788474544206,15.9181533503137,17.9181457141005,18.3895925988311
"Feature0026",24.4497052035686,24.6401968191399,23.7284526428073,14.3025411794495,0,0,23.2875720360871,21.0519072827726,22.8225115212424,0,0,15.9857234721093,16.1261130952721,18.7663790322505,17.2042044479521,0,0,0,0,15.3916185206939
"Feature0025",23.8470636228227,23.5390570398245,21.7100572070265,21.2565722138065,18.3925056331602,20.3574272018767,22.4082146007704,19.8220661868386,20.8518553036226,15.9922549959101,19.4172392866416,0,15.0101498377573,16.9994724033291,20.7366998999103,0,16.023912168397,17.560398323656,15.6658007443545,15.8314453819999
"Feature0024",26.1917437266581,26.2082965746897,21.4955185020003,18.3673363874177,19.2047796052637,16.6225244656972,18.3399234531584,20.0999719495147,20.8315479432272,17.889982020086,18.084722162306,18.1003014786605,19.1743904964174,18.7150002472837,19.5465608514455,19.0263669602608,19.8352763306799,18.2672378872474,20.6137572950684,18.0933783323929
"Feature0023",0,0,18.3074171210031,24.9566804878951,16.7965645434612,18.3753190037311,18.2257055597917,18.0862851746735,0,21.228660578736,20.7865285060247,17.6191749269905,19.2876190282372,20.1760356603849,24.4212378652523,18.6695049163961,18.2404628653395,15.9966420042325,17.4559583132656,19.4309135451437
"Feature0022",19.226441079498,19.1330016965723,28.3466008563613,25.460776514971,25.5168662049762,26.8805115282675,27.9384155400714,26.4746605719044,26.7496147629068,27.7686596983328,28.4024686987762,27.4581183813673,26.7950689353162,26.8750207106393,26.4129640006742,27.3804858995805,26.6086993141972,25.9169576697909,26.9795227198799,25.5569535905331
"Feature0021",14.5603583893924,15.0254357677103,26.9814212657894,23.5720816758923,23.5312280125712,24.3876674349817,26.6790095084617,23.9712373491314,24.3191223947971,26.0218002027332,26.863967152208,26.1762382114324,24.6940737923698,25.386025732446,25.3362791475844,25.9938724915691,23.8266923688931,25.8570734803654,24.6374657916607,24.6441531366951
"Feature0020",19.6661225401764,16.7674093516545,25.3636828111729,24.3128637673176,24.0205289170561,24.3841471210503,26.1248441901413,24.5051893423467,24.9655708609113,24.3548137069171,25.7440376002961,26.7947747292929,25.4459087403391,25.9231415099646,25.25771130897,24.1205639263321,24.9903223991418,26.2873306888564,25.2929373383163,24.60258414598
"Feature0019",15.9194427128264,0,27.3830495744947,26.1861540876739,26.5974552076202,26.7850116418587,28.0752621240554,26.9281220287143,27.2771445389839,26.8599125507245,28.3559936270741,27.9939545845505,26.9614447686097,27.7173526607563,27.0446303481466,29.1716644721466,27.5544068347598,28.0808983781175,26.9610928975574,25.4843645865258
"Feature0018",15.9194427128264,0,27.3830495744947,26.1861540876739,26.5974552076202,26.7850116418587,28.0752621240554,26.9281220287143,27.2771445389839,26.8599125507245,28.3559936270741,27.9939545845505,26.9614447686097,27.7173526607563,27.0446303481466,0,27.5544068347598,28.0808983781175,26.9610928975574,25.4843645865258
"Feature0017",16.6884168015261,0,23.6169876965288,21.8942280224314,23.0164481483184,23.3797267351858,24.0750970955882,23.0845507932764,23.0855764192456,23.7979201997731,25.1580439297594,24.684341022033,23.5195473996979,24.1683759971547,23.7440678980029,25.8788497140412,24.3091853792098,24.6289414444761,22.9237865943078,21.3520354537095
"Feature0016",17.4748802420621,0,24.0938194400872,21.9870169961845,22.7735413247202,22.2666917937284,24.6640243654693,20.1215606039466,23.1639842122018,23.6830547498968,25.0126082722156,20.0097903815825,19.361412463723,24.0735398668752,23.739505985911,25.5613557569706,19.6627142507518,24.1161537038156,22.9831388349462,20.5594447613722
"Feature0015",17.5004485984437,17.6320882170098,26.8489345698865,24.0653219470877,24.1735010856055,25.4563710808115,26.7623492758722,25.033683047367,25.5462913637641,26.2785274486804,27.1285452028991,26.2582877148519,25.3496021173856,25.3666603453796,24.9349253551971,26.1969353516777,24.907359772763,24.8815680110124,25.3575236843956,24.4276728045606
"Feature0014",14.8668336100675,15.7053035918144,27.6658559177107,24.353536479253,24.2552887276166,25.4270626866128,27.5483866727782,24.6901313997824,25.6201710722892,25.9141197946716,27.7510270486031,26.4166083950714,25.6702287644433,26.1301590776051,25.8391226187534,26.9289712815666,24.5771754698986,26.8449731897108,25.1592843716836,25.5502053977374
"Feature0013",18.7205654439867,16.0560827638923,25.7305932152029,27.6506882460335,30.2224157744451,27.2135362673098,25.9233402685403,30.1800397785963,27.2604653123907,24.6065049875936,26.8186703606918,26.2662975757533,30.3666615964883,25.4429166069805,26.3429745581533,27.3980693846606,29.6329478765919,23.6609874005633,24.8906584599907,27.8011236652339
"Feature0012",20.9090008216028,18.4068515555936,24.3767082148205,23.7361102168651,23.2025459918624,23.3643924369503,25.14653821722,23.7145886292234,23.8676642722799,24.64484879929,26.4124471000949,25.9696264308547,25.0315067460941,26.6135282772832,25.3607840768165,26.3615452593455,24.4549868612851,26.3968097178607,24.7071488405115,23.8839971109244
"Feature0011",24.2763884420962,22.2170226587491,16.4936325649405,14.3792124973825,16.2162731711892,0,17.4640214220741,16.4273277490874,0,15.2971276871312,17.8513290817389,18.1135158916099,16.5104478128817,18.1253084992541,17.544548670507,18.8449232078449,16.3048334265346,18.3401888865741,15.7168058585753,14.8649355136917
"Feature0010",24.0476902667696,25.1098615983624,20.7302836421668,15.8530379277041,19.1995740493622,0,0,19.4055783626639,19.7003921453183,16.2870539874479,16.9096052731939,16.0399178608145,17.5717981500376,17.1695251644669,18.760450468161,16.216537693066,18.8137728585287,14.4290239475636,16.3167589725718,16.4736129550249
"Feature0009",25.7532433608543,24.6841837546768,21.5438931851207,16.647800104286,0,18.2442421016326,0,0,18.1420701467502,0,0,0,0,17.2618378496097,17.2270898102738,0,0,20.3570437600999,17.9650618826116,17.2409052489966
"Feature0008",25.1783558032791,26.7174678021759,26.701168976746,22.5539766937705,22.1557494749585,22.057124529589,24.8605416446525,23.0705507742972,24.1364461946754,20.6025833350964,23.0571528732034,23.3671120134229,22.6973039179589,22.8747441120214,22.9500307870672,24.0907355984225,22.9776242408967,23.3172848754431,23.2810404042886,21.9483379642218
"Feature0007",28.213857588226,27.7656654137572,26.7186550333251,22.2986773667411,21.7385224040554,21.1709648841415,24.7865308490461,23.9269170979863,23.2676592299687,18.6669422859162,20.0812453358036,19.8910829752436,23.0515614436772,22.1238235308875,21.8971347370617,20.8601493257056,21.5592406639608,20.7651687148822,21.6855645392025,20.6698851294762
"Feature0006",20.9631215196349,20.5066675195441,17.5589004216493,26.4844609691868,17.9761603231917,16.2178006102797,18.098129515144,18.3797292581535,17.5767230590083,20.1723597451281,18.5570274100912,18.5040680914201,17.1346274995722,18.7296401037287,24.823610741705,19.4898305156319,17.721404437439,18.6871338484566,16.4277469488327,17.8889570210039
"Feature0004",27.0195868987326,26.8882648708351,21.4860666824118,18.3003241631564,16.4709837685795,16.1130434833408,20.8327157859844,19.878131006338,21.4019168533078,15.7776905155245,17.2382139932839,17.7998612830119,17.835402331074,19.5311066995091,18.4660654903057,17.370675101419,17.658416363204,17.7853612149552,18.5353265210035,18.5743159409881
"Feature0003",23.8512680362655,25.3926012572634,21.4860666824118,18.3003241631564,0,16.1130434833408,20.8327157859844,19.878131006338,21.4019168533078,0,0,17.7998612830119,17.8918319801373,0,0,0,0,17.7853612149552,0,0
"Feature0002",24.4741744578223,24.2762652896063,21.6440007036966,25.7820903358346,23.3587596211142,27.50936072545,20.0180936162706,23.6015285322372,22.5210775900146,24.4055330857794,26.0083207551666,26.1723404873584,24.5769696942994,26.26929513346,26.1861339220101,22.9634576676327,27.036731355149,26.5168386308998,27.3562409135974,26.9821035274426
"Feature0001",25.8926044130488,25.937640474166,24.19433654443,19.2735035148469,18.3730438536367,18.0592794242526,22.7054602868307,21.5079718941299,22.5473572768898,17.6023322751506,19.1405080671886,21.3396897829832,20.7229529796048,20.9635921750937,19.5705799846212,19.1966062056475,19.624895559664,19.6307579640147,20.6849962812261,19.7987167531052
